actual_parameters,best_step,candidate_key,curve_id,f0_abs_error_hz,family,global_complex_nrmse,init_seed,linewidth_relative_error,magnitude_peak_abs_error_hz,magnitude_valley_abs_error_hz,model_budget,observation_budget,optimizer,optimizer_steps,parameter_recovery_status,peak_window_complex_nrmse,phase_transition_abs_error_hz,prediction_failure_reason,prediction_reference_relative_magnitude_rmse,prediction_reference_status,prediction_relative_magnitude_rmse,prediction_status,q_abs_error,quality_factor_relative_error,reference_failure_reason,reference_model,reference_status,split_seed,task,total_wall_seconds,training_status,training_wall_seconds,validation_count,validation_score
532,800,"{""degree"":8,""denominator"":""squared"",""denominator_init_std"":0.05,""epsilon"":0.05,""initialization_mode"":""numerator_scaled"",""numerator_init_std"":0.014433756729740645,""shared_projection"":false,""skip"":true,""units"":12}",overcoupled:r1:p23,27386.15991306305,CFNN,0.024537908847106035,11003,0.09983093729663105,0.0,24908.424908638,512,64,"{""key"": ""lr3e-3_wd0"", ""lr"": 0.003, ""weight_decay"": 0.0}",800,ok,0.03562128790652806,12000.0,,0.019931526461574246,ok,0.019931526461574246,ok,5.818131263677315,0.11089634183142628,,magnitude_fano,ok,719,microwave_fano_parameter_recovery_pilot,13.389934848062694,ok,2.106066162697971,128,0.03270552307367325
532,740,"{""degree"":8,""denominator"":""squared"",""denominator_init_std"":0.05,""epsilon"":0.05,""initialization_mode"":""numerator_scaled"",""numerator_init_std"":0.014433756729740645,""shared_projection"":false,""skip"":true,""units"":12}",overcoupled:r1:p23,5453.950193405151,CFNN,0.014938163603583842,11003,0.047043004410471934,0.0,2930.4029302597046,512,64,"{""key"": ""lr3e-3_wd0"", ""lr"": 0.003, ""weight_decay"": 0.0}",800,ok,0.021000858866602416,9000.0,,0.015511689846442871,ok,0.015511689846442871,ok,0.1422857739329455,0.04493043341597826,,magnitude_fano,ok,733,microwave_fano_parameter_recovery_pilot,8.786266745068133,ok,1.997306796722114,128,0.020446309819817543
532,800,"{""degree"":8,""denominator"":""squared"",""denominator_init_std"":0.05,""epsilon"":0.05,""initialization_mode"":""numerator_scaled"",""numerator_init_std"":0.014433756729740645,""shared_projection"":false,""skip"":true,""units"":12}",overcoupled:r1:p23,10509.59477519989,CFNN,0.017681798019253122,11003,0.133649837909274,0.0,10989.010989189148,512,64,"{""key"": ""lr3e-3_wd0"", ""lr"": 0.003, ""weight_decay"": 0.0}",800,ok,0.02562698899503075,9000.0,,0.01643697684777912,ok,0.01643697684777912,ok,5.766375385737597,0.11789154816010786,,magnitude_fano,ok,751,microwave_fano_parameter_recovery_pilot,13.091551013290882,ok,2.2295927572995424,128,0.02626369148492813
528,800,"{""degree"":8,""depth"":23}",overcoupled:r1:p23,36409.69086742401,Local nested CF control,0.038600417870727974,11003,0.032036553067938886,0.0,26373.626373291016,512,64,"{""key"": ""lr3e-3_wd0"", ""lr"": 0.003, ""weight_decay"": 0.0}",800,ok,0.05575172042985187,54000.0,,0.01307988784869274,ok,0.01307988784869274,ok,1.4476792068011166,0.033089334043082314,,magnitude_fano,ok,719,microwave_fano_parameter_recovery_pilot,25.842803774401546,ok,6.539124182425439,128,0.05288379266858101
528,800,"{""degree"":8,""depth"":23}",overcoupled:r1:p23,52634.80321788788,Local nested CF control,0.029941324069665546,11003,0.10791687978474583,2147252.7472524643,36630.03662967682,512,64,"{""key"": ""lr3e-3_wd0"", ""lr"": 0.003, ""weight_decay"": 0.0}",800,ok,0.0416018805671032,30000.0,,0.017134903286466534,ok,0.017134903286466534,ok,5.90169781251664,0.12095996743750266,,magnitude_fano,ok,733,microwave_fano_parameter_recovery_pilot,21.90888917259872,ok,5.616420481353998,128,0.042413532733917236
528,800,"{""degree"":8,""depth"":23}",overcoupled:r1:p23,62490.56150722504,Local nested CF control,0.035394519603084894,11003,0.09076203866798647,2139194.139193535,41758.24175834656,512,64,"{""key"": ""lr3e-3_wd0"", ""lr"": 0.003, ""weight_decay"": 0.0}",800,ok,0.050635515088333916,0.0,,0.021743757268041043,ok,0.021743757268041043,ok,2.450117698431335,0.09980833987477365,,magnitude_fano,ok,751,microwave_fano_parameter_recovery_pilot,25.162756978534162,ok,5.969737055711448,128,0.050962600857019424
502,800,"{""activation"":""tanh"",""depth"":2,""width"":20}",overcoupled:r1:p23,42849.74026584625,MLP,0.02591138694518226,11003,0.15179087620302448,2205860.8058605194,37362.63736248016,512,64,"{""key"": ""lr3e-3_wd0"", ""lr"": 0.003, ""weight_decay"": 0.0}",800,ok,0.03754871569267217,9000.0,,0.018362290186550972,ok,0.018362290186550972,ok,5.848001043589742,0.178944432178024,,magnitude_fano,ok,719,microwave_fano_parameter_recovery_pilot,9.817866667173803,ok,2.0191890988498926,128,0.03256714716553688
502,800,"{""activation"":""tanh"",""depth"":2,""width"":20}",overcoupled:r1:p23,18235.03005695343,MLP,0.016235643271493908,11003,0.029747400018608847,0.0,12454.212453842163,512,64,"{""key"": ""lr3e-3_wd0"", ""lr"": 0.003, ""weight_decay"": 0.0}",800,ok,0.023412419165055064,6000.0,,0.017390305193653192,ok,0.017390305193653192,ok,0.7354966608958984,0.028891599701867658,,magnitude_fano,ok,733,microwave_fano_parameter_recovery_pilot,9.215018873102963,ok,1.4424093812704086,128,0.022692587226629257
502,800,"{""activation"":""tanh"",""depth"":2,""width"":20}",overcoupled:r1:p23,15329.938959121704,MLP,0.014008105443317593,11003,0.04856271360890014,0.0,8791.208790779114,512,64,"{""key"": ""lr3e-3_wd0"", ""lr"": 0.003, ""weight_decay"": 0.0}",800,ok,0.020183482233011505,12000.0,,0.0140280951617309,ok,0.0140280951617309,ok,0.7565884269827645,0.046316525654431,,magnitude_fano,ok,751,microwave_fano_parameter_recovery_pilot,8.47916113305837,ok,2.2884051520377398,128,0.020098239183425903
532,680,"{""degree"":8,""denominator"":""squared"",""denominator_init_std"":0.05,""epsilon"":0.05,""initialization_mode"":""numerator_scaled"",""numerator_init_std"":0.014433756729740645,""shared_projection"":false,""skip"":true,""units"":12}",overcoupled:r3:p25,68690.54149532318,CFNN,0.02234134277204095,11003,0.1280175797775186,0.0,52014.65201473236,512,64,"{""key"": ""lr3e-3_wd0"", ""lr"": 0.003, ""weight_decay"": 0.0}",800,ok,0.02688125497813825,15000.0,,0.010079514191972743,ok,0.010079514191972743,ok,9.52163879946385,0.1467994937260359,,magnitude_fano,ok,719,microwave_fano_parameter_recovery_pilot,8.373072920367122,ok,1.7740065744146705,128,0.02456582523882389
532,800,"{""degree"":8,""denominator"":""squared"",""denominator_init_std"":0.05,""epsilon"":0.05,""initialization_mode"":""numerator_scaled"",""numerator_init_std"":0.014433756729740645,""shared_projection"":false,""skip"":true,""units"":12}",overcoupled:r3:p25,27711.974561691284,CFNN,0.03092706686754078,11003,0.12105897813243853,0.0,22710.62271118164,512,64,"{""key"": ""lr3e-3_wd0"", ""lr"": 0.003, ""weight_decay"": 0.0}",800,ok,0.03726667617306608,96000.0,,0.009268343404901245,ok,0.009268343404901245,ok,2.2772542714438515,0.1377277161717407,,magnitude_fano,ok,733,microwave_fano_parameter_recovery_pilot,11.016323566436768,ok,1.7449795166030526,128,0.042144738137722015
532,620,"{""degree"":8,""denominator"":""squared"",""denominator_init_std"":0.05,""epsilon"":0.05,""initialization_mode"":""numerator_scaled"",""numerator_init_std"":0.014433756729740645,""shared_projection"":false,""skip"":true,""units"":12}",overcoupled:r3:p25,7587.567273139954,CFNN,0.01806788672116282,11003,0.10686335074797979,0.0,13919.413919448853,512,64,"{""key"": ""lr3e-3_wd0"", ""lr"": 0.003, ""weight_decay"": 0.0}",800,ok,0.021675892153321878,18000.0,,0.01599324693501746,ok,0.01599324693501746,ok,4.59749904004218,0.09654720788511703,,magnitude_fano,ok,751,microwave_fano_parameter_recovery_pilot,6.089087990112603,ok,1.6898451494053006,128,0.019338950514793396
528,780,"{""degree"":8,""depth"":23}",overcoupled:r3:p25,121091.26600456238,Local nested CF control,0.020883971371261283,11003,0.1239781649751457,0.0,77655.6776561737,512,64,"{""key"": ""lr3e-3_wd0"", ""lr"": 0.003, ""weight_decay"": 0.0}",800,ok,0.024964518951354257,90000.0,,0.013321584567963734,ok,0.013321584567963734,ok,6.167100423852701,0.14150191833900064,,magnitude_fano,ok,719,microwave_fano_parameter_recovery_pilot,16.549891564063728,ok,3.7508359672501683,128,0.020337356254458427
528,200,"{""degree"":8,""depth"":23}",overcoupled:r3:p25,29809.023468971252,Local nested CF control,0.07149492450763832,11003,0.42469082666871993,0.0,30036.630036354065,512,64,"{""key"": ""lr3e-3_wd0"", ""lr"": 0.003, ""weight_decay"": 0.0}",400,ok,0.08298675524090418,123000.0,,0.017100629885507024,ok,0.017100629885507024,ok,9.50629583727738,0.7381875206175348,,magnitude_fano,ok,733,microwave_fano_parameter_recovery_pilot,14.40555371902883,ok,1.98369674757123,128,0.10100533068180084
528,800,"{""degree"":8,""depth"":23}",overcoupled:r3:p25,39972.05783557892,Local nested CF control,0.01461590995722206,11003,0.017375021893159835,0.0,20512.820512771606,512,64,"{""key"": ""lr3e-3_wd0"", ""lr"": 0.003, ""weight_decay"": 0.0}",800,ok,0.017019025010736613,51000.0,,0.009638864866364947,ok,0.009638864866364947,ok,4.008199187685293,0.017675735992555303,,magnitude_fano,ok,751,microwave_fano_parameter_recovery_pilot,16.801796204410493,ok,3.9304331773892045,128,0.01433574315160513
502,800,"{""activation"":""tanh"",""depth"":2,""width"":20}",overcoupled:r3:p25,59079.90044593811,MLP,0.01669631959715512,11003,0.11497631306336947,0.0,40293.04029273987,512,64,"{""key"": ""lr3e-3_wd0"", ""lr"": 0.003, ""weight_decay"": 0.0}",800,ok,0.019806811814128203,18000.0,,0.007702616920810473,ok,0.007702616920810473,ok,4.4256865319664325,0.12990256884197654,,magnitude_fano,ok,719,microwave_fano_parameter_recovery_pilot,10.700560385361314,ok,0.9516023080796003,128,0.019350025802850723
502,800,"{""activation"":""tanh"",""depth"":2,""width"":20}",overcoupled:r3:p25,46363.53776359558,MLP,0.029334945820713866,11003,0.3379729259657837,0.0,43956.04395580292,512,64,"{""key"": ""lr3e-3_wd0"", ""lr"": 0.003, ""weight_decay"": 0.0}",800,ok,0.03465165665513968,51000.0,,0.010150088931201283,ok,0.010150088931201283,ok,3.513518228482738,0.5105010252864053,,magnitude_fano,ok,733,microwave_fano_parameter_recovery_pilot,11.9036774802953,ok,0.8621633583679795,128,0.04614569991827011
502,800,"{""activation"":""tanh"",""depth"":2,""width"":20}",overcoupled:r3:p25,29584.873217582703,MLP,0.012658375981349097,11003,0.02905820945562284,0.0,20512.820512771606,512,64,"{""key"": ""lr3e-3_wd0"", ""lr"": 0.003, ""weight_decay"": 0.0}",800,ok,0.014944144991696889,18000.0,,0.01165242041842974,ok,0.01165242041842974,ok,9.473933320031712,0.029922979133491442,,magnitude_fano,ok,751,microwave_fano_parameter_recovery_pilot,4.095499978400767,ok,0.8642502250149846,128,0.012891111895442009
532,220,"{""degree"":8,""denominator"":""squared"",""denominator_init_std"":0.05,""epsilon"":0.05,""initialization_mode"":""numerator_scaled"",""numerator_init_std"":0.014433756729740645,""shared_projection"":false,""skip"":true,""units"":12}",undercoupled:r2:p07,1082.731213569641,CFNN,0.027192110663029106,11003,0.0582599358971111,0.0,732.6007328033447,512,64,"{""key"": ""lr3e-3_wd0"", ""lr"": 0.003, ""weight_decay"": 0.0}",420,ok,0.04536841815666069,2500.0,,0.013077121434820857,ok,0.013077121434820857,ok,0.014554803639043781,0.061863932810294155,,magnitude_fano,ok,719,microwave_fano_parameter_recovery_pilot,11.14290305506438,ok,0.8527136221528053,128,0.05681578069925308
532,260,"{""degree"":8,""denominator"":""squared"",""denominator_init_std"":0.05,""epsilon"":0.05,""initialization_mode"":""numerator_scaled"",""numerator_init_std"":0.014433756729740645,""shared_projection"":false,""skip"":true,""units"":12}",undercoupled:r2:p07,1065.404712677002,CFNN,0.027179653319444594,11003,0.023110447799124193,0.0,610.5006103515625,512,64,"{""key"": ""lr3e-3_wd0"", ""lr"": 0.003, ""weight_decay"": 0.0}",460,ok,0.045472701879484635,3000.0,,0.007088884676458343,ok,0.007088884676458343,ok,0.01572084163967934,0.023656982481196152,,magnitude_fano,ok,733,microwave_fano_parameter_recovery_pilot,9.149955558590591,ok,0.8531221626326442,128,0.05513196066021919
532,760,"{""degree"":8,""denominator"":""squared"",""denominator_init_std"":0.05,""epsilon"":0.05,""initialization_mode"":""numerator_scaled"",""numerator_init_std"":0.014433756729740645,""shared_projection"":false,""skip"":true,""units"":12}",undercoupled:r2:p07,1635.3791818618774,CFNN,0.02747118297110466,11003,0.0007517725690262302,0.0,1221.001220703125,512,64,"{""key"": ""lr3e-3_wd0"", ""lr"": 0.003, ""weight_decay"": 0.0}",800,ok,0.04586185874872912,4500.0,,0.009217492245120284,ok,0.009217492245120284,ok,34.058160662314535,0.0007509182801335295,,magnitude_fano,ok,751,microwave_fano_parameter_recovery_pilot,13.38600663188845,ok,1.6801023846492171,128,0.05398258566856384
528,480,"{""degree"":8,""depth"":23}",undercoupled:r2:p07,1265.512230873108,Local nested CF control,0.028116035655970473,11003,0.05310093764234018,0.0,976.8009767532349,512,64,"{""key"": ""lr3e-3_wd0"", ""lr"": 0.003, ""weight_decay"": 0.0}",680,ok,0.04781873675152949,2000.0,,0.013165367693840038,ok,0.013165367693840038,ok,0.011679328817686721,0.0560785362664572,,magnitude_fano,ok,719,microwave_fano_parameter_recovery_pilot,14.97062705643475,ok,3.6576409684494138,128,0.0620286762714386
528,740,"{""degree"":8,""depth"":23}",undercoupled:r2:p07,895.4401321411133,Local nested CF control,0.034196988117966315,11003,0.06759134569510984,0.0,732.6007328033447,512,64,"{""key"": ""lr3e-3_wd0"", ""lr"": 0.003, ""weight_decay"": 0.0}",800,ok,0.061134750584384064,5000.0,,0.014326578599281868,ok,0.014326578599281868,ok,0.005581475877927688,0.06331215087933004,,magnitude_fano,ok,733,microwave_fano_parameter_recovery_pilot,16.466637727804482,ok,3.86508877761662,128,0.07021450251340866
528,760,"{""degree"":8,""depth"":23}",undercoupled:r2:p07,1254.444603919983,Local nested CF control,0.025682673187813834,11003,0.004145551092753783,0.0,854.7008543014526,512,64,"{""key"": ""lr3e-3_wd0"", ""lr"": 0.003, ""weight_decay"": 0.0}",800,ok,0.041172645533638745,3500.0,,0.010576787002396212,ok,0.010576787002396212,ok,37.02772214381754,0.004163031424418668,,magnitude_fano,ok,751,microwave_fano_parameter_recovery_pilot,9.68628824222833,ok,3.5869591711089015,128,0.053668707609176636
502,600,"{""activation"":""tanh"",""depth"":2,""width"":20}",undercoupled:r2:p07,860.2627372741699,MLP,0.02767481508565517,11003,0.06693454920518987,0.0,610.5006103515625,512,64,"{""key"": ""lr3e-3_wd0"", ""lr"": 0.003, ""weight_decay"": 0.0}",800,ok,0.04727798388769803,2000.0,,0.012060117177600293,ok,0.012060117177600293,ok,0.007970028477727412,0.07173601457450833,,magnitude_fano,ok,719,microwave_fano_parameter_recovery_pilot,11.702866663224995,ok,0.8301434265449643,128,0.05727001279592514
502,800,"{""activation"":""tanh"",""depth"":2,""width"":20}",undercoupled:r2:p07,732.5863800048828,MLP,0.027178577477421806,11003,0.013495017954624702,0.0,366.30036640167236,512,64,"{""key"": ""lr3e-3_wd0"", ""lr"": 0.003, ""weight_decay"": 0.0}",800,ok,0.044910288315778264,2500.0,,0.006668153022839812,ok,0.006668153022839812,ok,0.011782774675018964,0.013679493155043103,,magnitude_fano,ok,733,microwave_fano_parameter_recovery_pilot,12.239536912180483,ok,0.8773273080587387,128,0.05514368414878845
502,680,"{""activation"":""tanh"",""depth"":2,""width"":20}",undercoupled:r2:p07,932.4022150039673,MLP,0.02633239354154416,11003,0.0325845050955834,0.0,854.7008543014526,512,64,"{""key"": ""lr3e-3_wd0"", ""lr"": 0.003, ""weight_decay"": 0.0}",800,ok,0.04353552312055392,4000.0,,0.007121983363165537,ok,0.007121983363165537,ok,0.008107869027137636,0.03368218772331802,,magnitude_fano,ok,751,microwave_fano_parameter_recovery_pilot,9.19083088915795,ok,0.8647603476420045,128,0.051521264016628265
532,700,"{""degree"":8,""denominator"":""squared"",""denominator_init_std"":0.05,""epsilon"":0.05,""initialization_mode"":""numerator_scaled"",""numerator_init_std"":0.014433756729740645,""shared_projection"":false,""skip"":true,""units"":12}",undercoupled:r5:p04,17.655399322509766,CFNN,0.02532976701645578,11003,0.026502117116837712,0.0,122.10012149810791,512,64,"{""key"": ""lr3e-3_wd0"", ""lr"": 0.003, ""weight_decay"": 0.0}",800,ok,0.030594246149578713,5500.0,,0.007625472164191799,ok,0.007625472164191799,ok,0.0045946994958643295,0.025817886111540178,,magnitude_fano,ok,719,microwave_fano_parameter_recovery_pilot,16.313694656826556,ok,1.6794983949512243,128,0.047324251383543015
532,540,"{""degree"":8,""denominator"":""squared"",""denominator_init_std"":0.05,""epsilon"":0.05,""initialization_mode"":""numerator_scaled"",""numerator_init_std"":0.014433756729740645,""shared_projection"":false,""skip"":true,""units"":12}",undercoupled:r5:p04,1427.7129402160645,CFNN,0.027104602477266503,11003,0.02490996038202879,0.0,1221.001220703125,512,64,"{""key"": ""lr3e-3_wd0"", ""lr"": 0.003, ""weight_decay"": 0.0}",740,ok,0.03490071197396659,4000.0,,0.00815221898697657,ok,0.00815221898697657,ok,0.010157906461622707,0.024304721877735674,,magnitude_fano,ok,733,microwave_fano_parameter_recovery_pilot,13.255719115957618,ok,1.4990593614056706,128,0.04745678976178169
532,520,"{""degree"":8,""denominator"":""squared"",""denominator_init_std"":0.05,""epsilon"":0.05,""initialization_mode"":""numerator_scaled"",""numerator_init_std"":0.014433756729740645,""shared_projection"":false,""skip"":true,""units"":12}",undercoupled:r5:p04,118.05897521972656,CFNN,0.026695198221427244,11003,0.010024592917071107,0.0,244.20024394989014,512,64,"{""key"": ""lr3e-3_wd0"", ""lr"": 0.003, ""weight_decay"": 0.0}",720,ok,0.03421353648924766,2500.0,,0.00802633833492045,ok,0.00802633833492045,ok,0.008065416817639665,0.009925082201556974,,magnitude_fano,ok,751,microwave_fano_parameter_recovery_pilot,16.89302646368742,ok,1.451841700822115,128,0.051687486469745636
528,260,"{""degree"":8,""depth"":23}",undercoupled:r5:p04,780.9891386032104,Local nested CF control,0.02624135710230341,11003,0.02936658093113198,0.0,488.4004878997803,512,64,"{""key"": ""lr3e-3_wd0"", ""lr"": 0.003, ""weight_decay"": 0.0}",460,ok,0.032854202597962325,6000.0,,0.006297588468358989,ok,0.006297588468358989,ok,0.007048679846027566,0.02852868638776535,,magnitude_fano,ok,719,microwave_fano_parameter_recovery_pilot,17.397484054788947,ok,2.4914834778755903,128,0.04815299063920975
528,680,"{""degree"":8,""depth"":23}",undercoupled:r5:p04,1555.5454931259155,Local nested CF control,0.025985120708932285,11003,0.037012972331092596,0.0,1343.1013431549072,512,64,"{""key"": ""lr3e-3_wd0"", ""lr"": 0.003, ""weight_decay"": 0.0}",800,ok,0.03364967677731732,3000.0,,0.006529870070185535,ok,0.006529870070185535,ok,0.007270912267025313,0.0356921095384333,,magnitude_fano,ok,733,microwave_fano_parameter_recovery_pilot,18.814820155501366,ok,3.8296820847317576,128,0.04544954001903534
528,660,"{""degree"":8,""depth"":23}",undercoupled:r5:p04,251.21654987335205,Local nested CF control,0.025392199068552654,11003,0.0077962289951468014,0.0,122.10012245178223,512,64,"{""key"": ""lr3e-3_wd0"", ""lr"": 0.003, ""weight_decay"": 0.0}",800,ok,0.031869680512428014,5500.0,,0.0072192960942177265,ok,0.0072192960942177265,ok,0.007667058471940121,0.007735951381762507,,magnitude_fano,ok,751,microwave_fano_parameter_recovery_pilot,18.20692001376301,ok,3.5986817609518766,128,0.04768791049718857
502,800,"{""activation"":""tanh"",""depth"":2,""width"":20}",undercoupled:r5:p04,651.0846433639526,MLP,0.026107527497953826,11003,0.0002057901921443186,0.0,366.30036640167236,512,64,"{""key"": ""lr3e-3_wd0"", ""lr"": 0.003, ""weight_decay"": 0.0}",800,ok,0.03288133566089839,6000.0,,0.006666767280139789,ok,0.006666767280139789,ok,0.006514998458657242,0.00020566069624611958,,magnitude_fano,ok,719,microwave_fano_parameter_recovery_pilot,17.086968393065035,ok,0.848321202211082,128,0.04791882634162903
502,800,"{""activation"":""tanh"",""depth"":2,""width"":20}",undercoupled:r5:p04,1256.1404495239258,MLP,0.026445673747109932,11003,0.004444121894755482,0.0,1098.901099205017,512,64,"{""key"": ""lr3e-3_wd0"", ""lr"": 0.003, ""weight_decay"": 0.0}",800,ok,0.034515589113361,7000.0,,0.004694847269969476,ok,0.004694847269969476,ok,0.007610027968472326,0.0044246264983998215,,magnitude_fano,ok,733,microwave_fano_parameter_recovery_pilot,16.96890322957188,ok,0.8608002299442887,128,0.04783051460981369
502,720,"{""activation"":""tanh"",""depth"":2,""width"":20}",undercoupled:r5:p04,132.32676792144775,MLP,0.025987751376901756,11003,0.020880899985256295,0.0,0.0,512,64,"{""key"": ""lr3e-3_wd0"", ""lr"": 0.003, ""weight_decay"": 0.0}",800,ok,0.03279124502641729,4500.0,,0.006821327143374794,ok,0.006821327143374794,ok,0.0014079656600999243,0.021326228547696186,,magnitude_fano,ok,751,microwave_fano_parameter_recovery_pilot,14.566902971826494,ok,0.8977128602564335,128,0.05160955339670181
532,500,"{""degree"":8,""denominator"":""squared"",""denominator_init_std"":0.05,""epsilon"":0.05,""initialization_mode"":""numerator_scaled"",""numerator_init_std"":0.014433756729740645,""shared_projection"":false,""skip"":true,""units"":12}",undercoupled:r8:p03,2377.735527038574,CFNN,0.042845274908919595,11003,0.048862908707130344,0.0,1343.1013431549072,512,64,"{""key"": ""lr3e-3_wd0"", ""lr"": 0.003, ""weight_decay"": 0.0}",700,ok,0.04747742445504263,51000.0,,0.005539314118938314,ok,0.005539314118938314,ok,0.025460682111050355,0.046586339034641315,,magnitude_fano,ok,719,microwave_fano_parameter_recovery_pilot,12.048267379403114,ok,1.46728955488652,128,0.195886492729187
532,280,"{""degree"":8,""denominator"":""squared"",""denominator_init_std"":0.05,""epsilon"":0.05,""initialization_mode"":""numerator_scaled"",""numerator_init_std"":0.014433756729740645,""shared_projection"":false,""skip"":true,""units"":12}",undercoupled:r8:p03,2831.009038925171,CFNN,0.0411985447389602,11003,0.09392294180827758,0.0,1343.1013431549072,512,64,"{""key"": ""lr3e-3_wd0"", ""lr"": 0.003, ""weight_decay"": 0.0}",480,ok,0.04444777605384255,55000.0,,0.011827628984905553,ok,0.011827628984905553,ok,0.04036409301311643,0.08585858250421434,,magnitude_fano,ok,733,microwave_fano_parameter_recovery_pilot,10.398177542723715,ok,1.3157583940774202,128,0.19001010060310364
532,800,"{""degree"":8,""denominator"":""squared"",""denominator_init_std"":0.05,""epsilon"":0.05,""initialization_mode"":""numerator_scaled"",""numerator_init_std"":0.014433756729740645,""shared_projection"":false,""skip"":true,""units"":12}",undercoupled:r8:p03,1823.8727836608887,CFNN,0.042934875686608726,11003,0.1572373533965014,0.0,1221.001220703125,512,64,"{""key"": ""lr3e-3_wd0"", ""lr"": 0.003, ""weight_decay"": 0.0}",800,ok,0.04690352394577092,57000.0,,0.013333227478322551,ok,0.013333227478322551,ok,0.030684162369279497,0.18657350435400488,,magnitude_fano,ok,751,microwave_fano_parameter_recovery_pilot,15.630440001375973,ok,2.350808954797685,128,0.18805110454559326
528,260,"{""degree"":8,""depth"":23}",undercoupled:r8:p03,4027.8992042541504,Local nested CF control,0.041957781468921644,11003,0.07575832965354043,0.0,2075.702075958252,512,64,"{""key"": ""lr3e-3_wd0"", ""lr"": 0.003, ""weight_decay"": 0.0}",460,ok,0.04600247479685685,56000.0,,0.00545682669747764,ok,0.00545682669747764,ok,0.0462793771319861,0.07042283134375935,,magnitude_fano,ok,719,microwave_fano_parameter_recovery_pilot,14.177957906387746,ok,3.9342006919905543,128,0.19584769010543823
528,380,"{""degree"":8,""depth"":23}",undercoupled:r8:p03,2225.621253967285,Local nested CF control,0.040571364293542675,11003,0.08625224337083025,0.0,976.8009777069092,512,64,"{""key"": ""lr3e-3_wd0"", ""lr"": 0.003, ""weight_decay"": 0.0}",580,ok,0.04324111160605579,60500.0,,0.009346385679449745,ok,0.009346385679449745,ok,0.03413970242071082,0.07940331786768495,,magnitude_fano,ok,733,microwave_fano_parameter_recovery_pilot,13.245158368721604,ok,4.182115755975246,128,0.18632549047470093
528,360,"{""degree"":8,""depth"":23}",undercoupled:r8:p03,347.24645042419434,Local nested CF control,0.04121420520292036,11003,0.09032511534398019,0.0,122.10012245178223,512,64,"{""key"": ""lr3e-3_wd0"", ""lr"": 0.003, ""weight_decay"": 0.0}",560,ok,0.04422031947031312,56500.0,,0.007701198640917213,ok,0.007701198640917213,ok,0.005224904214392756,0.09929387940722073,,magnitude_fano,ok,751,microwave_fano_parameter_recovery_pilot,13.653730337508023,ok,3.7950848741456866,128,0.1827143281698227
502,800,"{""activation"":""tanh"",""depth"":2,""width"":20}",undercoupled:r8:p03,2934.668634414673,MLP,0.04236653623698985,11003,0.007205822833613089,0.0,1465.2014656066895,512,64,"{""key"": ""lr3e-3_wd0"", ""lr"": 0.003, ""weight_decay"": 0.0}",800,ok,0.04657181548685071,49000.0,,0.005795243931549916,ok,0.005795243931549916,ok,19.979954897717512,0.007153993927996364,,magnitude_fano,ok,719,microwave_fano_parameter_recovery_pilot,13.193529392592609,ok,1.2089081360027194,128,0.19909100234508514
502,480,"{""activation"":""tanh"",""depth"":2,""width"":20}",undercoupled:r8:p03,2942.0920848846436,MLP,0.04086716161567401,11003,0.10726713657694578,0.0,1343.1013431549072,512,64,"{""key"": ""lr3e-3_wd0"", ""lr"": 0.003, ""weight_decay"": 0.0}",680,ok,0.04404983816538382,51000.0,,0.009620225902372888,ok,0.009620225902372888,ok,0.04372341275134363,0.09687531927595112,,magnitude_fano,ok,733,microwave_fano_parameter_recovery_pilot,8.612750799395144,ok,0.8934691557660699,128,0.18901389837265015
502,500,"{""activation"":""tanh"",""depth"":2,""width"":20}",undercoupled:r8:p03,1217.2644309997559,MLP,0.04146126596068844,11003,0.10262511384524715,0.0,854.700855255127,512,64,"{""key"": ""lr3e-3_wd0"", ""lr"": 0.003, ""weight_decay"": 0.0}",700,ok,0.044703592912205554,53500.0,,0.008526720287303974,ok,0.008526720287303974,ok,0.0194872774401553,0.1143613443090671,,magnitude_fano,ok,751,microwave_fano_parameter_recovery_pilot,10.834772616624832,ok,0.7714066952466965,128,0.18361467123031616
532,800,"{""degree"":8,""denominator"":""squared"",""denominator_init_std"":0.05,""epsilon"":0.05,""initialization_mode"":""numerator_scaled"",""numerator_init_std"":0.014433756729740645,""shared_projection"":false,""skip"":true,""units"":12}",overcoupled:r1:p23,16796.38638305664,CFNN,0.019497323567924392,11019,0.04315660300975086,0.0,14652.014652252197,512,64,"{""key"": ""lr3e-3_wd0"", ""lr"": 0.003, ""weight_decay"": 0.0}",800,ok,0.02811303202557969,3000.0,,0.020009315627378312,ok,0.020009315627378312,ok,5.803199986708937,0.045099586229665665,,magnitude_fano,ok,719,microwave_fano_parameter_recovery_pilot,8.290189885534346,ok,1.9548624577000737,128,0.025901835411787033
532,740,"{""degree"":8,""denominator"":""squared"",""denominator_init_std"":0.05,""epsilon"":0.05,""initialization_mode"":""numerator_scaled"",""numerator_init_std"":0.014433756729740645,""shared_projection"":false,""skip"":true,""units"":12}",overcoupled:r1:p23,9723.804299354553,CFNN,0.014222777620057024,11019,0.045348347514744536,0.0,5128.205127716064,512,64,"{""key"": ""lr3e-3_wd0"", ""lr"": 0.003, ""weight_decay"": 0.0}",800,ok,0.0196206509303499,15000.0,,0.014993646084292546,ok,0.014993646084292546,ok,0.48267984054847,0.04338294865719579,,magnitude_fano,ok,733,microwave_fano_parameter_recovery_pilot,6.842269658111036,ok,1.6953500686213374,128,0.01851942017674446
532,800,"{""degree"":8,""denominator"":""squared"",""denominator_init_std"":0.05,""epsilon"":0.05,""initialization_mode"":""numerator_scaled"",""numerator_init_std"":0.014433756729740645,""shared_projection"":false,""skip"":true,""units"":12}",overcoupled:r1:p23,3231.7843074798584,CFNN,0.014181553213969996,11019,0.014496519491893197,0.0,732.6007328033447,512,64,"{""key"": ""lr3e-3_wd0"", ""lr"": 0.003, ""weight_decay"": 0.0}",800,ok,0.02034356605163998,12000.0,,0.01194230523986932,ok,0.01194230523986932,ok,5.75988430374892,0.014288735729226384,,magnitude_fano,ok,751,microwave_fano_parameter_recovery_pilot,11.482994833029807,ok,1.6441894378513098,128,0.01791043020784855
528,800,"{""degree"":8,""depth"":23}",overcoupled:r1:p23,32578.548950195312,Local nested CF control,0.02288003998523237,11019,0.037305296481751876,0.0,22710.622710227966,512,64,"{""key"": ""lr3e-3_wd0"", ""lr"": 0.003, ""weight_decay"": 0.0}",800,ok,0.031927649740754876,48000.0,,0.01496351264166232,ok,0.01496351264166232,ok,5.84405941091406,0.038744137575320366,,magnitude_fano,ok,719,microwave_fano_parameter_recovery_pilot,18.059043606743217,ok,4.251821192912757,128,0.034482602030038834
528,780,"{""degree"":8,""depth"":23}",overcoupled:r1:p23,20520.605546951294,Local nested CF control,0.017265725719085842,11019,0.03271641201055275,0.0,13186.813186645508,512,64,"{""key"": ""lr3e-3_wd0"", ""lr"": 0.003, ""weight_decay"": 0.0}",800,ok,0.02192974605933721,21000.0,,0.015287381525225383,ok,0.015287381525225383,ok,1.191675845822445,0.033818732492335635,,magnitude_fano,ok,733,microwave_fano_parameter_recovery_pilot,18.085531977936625,ok,3.6021378757432103,128,0.023617194965481758
528,800,"{""degree"":8,""depth"":23}",overcoupled:r1:p23,18395.90275478363,Local nested CF control,0.01907904417080747,11019,0.0016772353722668818,0.0,8058.608058929443,512,64,"{""key"": ""lr3e-3_wd0"", ""lr"": 0.003, ""weight_decay"": 0.0}",800,ok,0.02600575607513959,12000.0,,0.01618075570155641,ok,0.01618075570155641,ok,1.3752039511565028,0.001676365176544984,,magnitude_fano,ok,751,microwave_fano_parameter_recovery_pilot,16.90640163049102,ok,3.428882109001279,128,0.02726208046078682
502,800,"{""activation"":""tanh"",""depth"":2,""width"":20}",overcoupled:r1:p23,69058.45935630798,MLP,0.03373108646302816,11019,0.2332387540375194,2130402.9304027557,61538.46153831482,512,64,"{""key"": ""lr3e-3_wd0"", ""lr"": 0.003, ""weight_decay"": 0.0}",800,ok,0.04877840499180739,3000.0,,0.018948987754824582,ok,0.018948987754824582,ok,5.887042309794854,0.3041689098594547,,magnitude_fano,ok,719,microwave_fano_parameter_recovery_pilot,15.637914149090648,ok,0.8029752233996987,128,0.0409594401717186
502,800,"{""activation"":""tanh"",""depth"":2,""width"":20}",overcoupled:r1:p23,45122.454840660095,MLP,0.023166756360376687,11019,0.06862683010789912,0.0,34432.23443222046,512,64,"{""key"": ""lr3e-3_wd0"", ""lr"": 0.003, ""weight_decay"": 0.0}",800,ok,0.03277648784230648,12000.0,,0.021537010263565998,ok,0.021537010263565998,ok,5.858072375025023,0.07367379829676891,,magnitude_fano,ok,733,microwave_fano_parameter_recovery_pilot,14.010861506685615,ok,0.7791195642203093,128,0.03093082830309868
502,800,"{""activation"":""tanh"",""depth"":2,""width"":20}",overcoupled:r1:p23,31030.004117012024,MLP,0.025159613783506618,11019,0.10469432584454767,0.0,12454.212453842163,512,64,"{""key"": ""lr3e-3_wd0"", ""lr"": 0.003, ""weight_decay"": 0.0}",800,ok,0.03596866569096908,18000.0,,0.02211741322753416,ok,0.02211741322753416,ok,5.855624087001843,0.09477783483321446,,magnitude_fano,ok,751,microwave_fano_parameter_recovery_pilot,13.606131467036903,ok,0.8612985219806433,128,0.03451230004429817
532,780,"{""degree"":8,""denominator"":""squared"",""denominator_init_std"":0.05,""epsilon"":0.05,""initialization_mode"":""numerator_scaled"",""numerator_init_std"":0.014433756729740645,""shared_projection"":false,""skip"":true,""units"":12}",overcoupled:r3:p25,19216.71629333496,CFNN,0.011744717626299491,11019,0.018078066056929007,0.0,10989.010989189148,512,64,"{""key"": ""lr3e-3_wd0"", ""lr"": 0.003, ""weight_decay"": 0.0}",800,ok,0.013847549060222727,12000.0,,0.007958823744396446,ok,0.007958823744396446,ok,9.40104963066611,0.017754029654251883,,magnitude_fano,ok,719,microwave_fano_parameter_recovery_pilot,5.917604095302522,ok,1.6521539110690355,128,0.014466308057308197
532,800,"{""degree"":8,""denominator"":""squared"",""denominator_init_std"":0.05,""epsilon"":0.05,""initialization_mode"":""numerator_scaled"",""numerator_init_std"":0.014433756729740645,""shared_projection"":false,""skip"":true,""units"":12}",overcoupled:r3:p25,3258.788332939148,CFNN,0.029495065031598457,11019,0.016923253380925637,0.0,10989.010989189148,512,64,"{""key"": ""lr3e-3_wd0"", ""lr"": 0.003, ""weight_decay"": 0.0}",800,ok,0.034668222278150695,96000.0,,0.007696014414783126,ok,0.007696014414783126,ok,9.742696120242268,0.017215111016655113,,magnitude_fano,ok,733,microwave_fano_parameter_recovery_pilot,7.1840985072776675,ok,1.5982960546389222,128,0.035743966698646545
532,800,"{""degree"":8,""denominator"":""squared"",""denominator_init_std"":0.05,""epsilon"":0.05,""initialization_mode"":""numerator_scaled"",""numerator_init_std"":0.014433756729740645,""shared_projection"":false,""skip"":true,""units"":12}",overcoupled:r3:p25,10669.303584098816,CFNN,0.010135015962772224,11019,0.033011399497995954,0.0,9523.809523582458,512,64,"{""key"": ""lr3e-3_wd0"", ""lr"": 0.003, ""weight_decay"": 0.0}",800,ok,0.011729029237821353,9000.0,,0.008161440187525836,ok,0.008161440187525836,ok,9.44333572663095,0.034136587144476774,,magnitude_fano,ok,751,microwave_fano_parameter_recovery_pilot,8.271719688549638,ok,1.6463089231401682,128,0.012127019464969635
528,800,"{""degree"":8,""depth"":23}",overcoupled:r3:p25,103743.9021434784,Local nested CF control,0.019764772781554623,11019,0.23417790282454684,0.0,73992.67399311066,512,64,"{""key"": ""lr3e-3_wd0"", ""lr"": 0.003, ""weight_decay"": 0.0}",800,ok,0.023364897965643915,69000.0,,0.011732566104684742,ok,0.011732566104684742,ok,5.871817219418925,0.30576459904898184,,magnitude_fano,ok,719,microwave_fano_parameter_recovery_pilot,17.031335270032287,ok,3.8576060850173235,128,0.023344261571764946
528,800,"{""degree"":8,""depth"":23}",overcoupled:r3:p25,34204.47267627716,Local nested CF control,0.0453824487726771,11019,0.4088980432962814,0.0,40293.04029273987,512,64,"{""key"": ""lr3e-3_wd0"", ""lr"": 0.003, ""weight_decay"": 0.0}",800,ok,0.054639467135062667,96000.0,,0.014648094802764794,ok,0.014648094802764794,ok,9.462903453832487,0.6917462549984345,,magnitude_fano,ok,733,microwave_fano_parameter_recovery_pilot,16.993441747501493,ok,3.57237883284688,128,0.07063587009906769
528,800,"{""degree"":8,""depth"":23}",overcoupled:r3:p25,77376.7584810257,Local nested CF control,0.018735103508152256,11019,0.21106072196069467,0.0,57142.8571434021,512,64,"{""key"": ""lr3e-3_wd0"", ""lr"": 0.003, ""weight_decay"": 0.0}",800,ok,0.022178120785749905,57000.0,,0.013253133836982523,ok,0.013253133836982523,ok,9.564386277603052,0.26750896379493966,,magnitude_fano,ok,751,microwave_fano_parameter_recovery_pilot,17.630641191266477,ok,3.9767854111269116,128,0.022451337426900864
502,800,"{""activation"":""tanh"",""depth"":2,""width"":20}",overcoupled:r3:p25,76885.47117328644,MLP,0.019632077614588902,11019,0.18898721284142525,0.0,63003.66300392151,512,64,"{""key"": ""lr3e-3_wd0"", ""lr"": 0.003, ""weight_decay"": 0.0}",800,ok,0.02345147763530539,3000.0,,0.010211332605835632,ok,0.010211332605835632,ok,9.525433287734538,0.23301099726947555,,magnitude_fano,ok,719,microwave_fano_parameter_recovery_pilot,4.518148900009692,ok,0.8538823090493679,128,0.02110189199447632
502,800,"{""activation"":""tanh"",""depth"":2,""width"":20}",overcoupled:r3:p25,49007.631918907166,MLP,0.03169118775161307,11019,0.4225686727868063,0.0,51282.051281929016,512,64,"{""key"": ""lr3e-3_wd0"", ""lr"": 0.003, ""weight_decay"": 0.0}",800,ok,0.03799356461642982,51000.0,,0.011187572020044842,ok,0.011187572020044842,ok,3.3026522320562544,0.7317940739825499,,magnitude_fano,ok,733,microwave_fano_parameter_recovery_pilot,11.173098938539624,ok,0.8573657711967826,128,0.04483965411782265
502,800,"{""activation"":""tanh"",""depth"":2,""width"":20}",overcoupled:r3:p25,38852.48624229431,MLP,0.01421839161205799,11019,0.016284048939995677,0.0,28571.42857170105,512,64,"{""key"": ""lr3e-3_wd0"", ""lr"": 0.003, ""weight_decay"": 0.0}",800,ok,0.016980613669780032,9000.0,,0.013007579779736215,ok,0.013007579779736215,ok,2.611009970842523,0.01654728282113356,,magnitude_fano,ok,751,microwave_fano_parameter_recovery_pilot,4.668711166828871,ok,0.8922259192913771,128,0.015905218198895454
532,460,"{""degree"":8,""denominator"":""squared"",""denominator_init_std"":0.05,""epsilon"":0.05,""initialization_mode"":""numerator_scaled"",""numerator_init_std"":0.014433756729740645,""shared_projection"":false,""skip"":true,""units"":12}",undercoupled:r2:p07,1052.107476234436,CFNN,0.028969619204394923,11019,0.02100734064833641,0.0,732.6007328033447,512,64,"{""key"": ""lr3e-3_wd0"", ""lr"": 0.003, ""weight_decay"": 0.0}",660,ok,0.04823612857084399,2000.0,,0.015671505024539224,ok,0.015671505024539224,ok,0.010980617218128867,0.021457928235857272,,magnitude_fano,ok,719,microwave_fano_parameter_recovery_pilot,12.703200846910477,ok,1.4745643809437752,128,0.06331666558980942
532,600,"{""degree"":8,""denominator"":""squared"",""denominator_init_std"":0.05,""epsilon"":0.05,""initialization_mode"":""numerator_scaled"",""numerator_init_std"":0.014433756729740645,""shared_projection"":false,""skip"":true,""units"":12}",undercoupled:r2:p07,1067.689507484436,CFNN,0.028927000520526623,11019,0.023660440688932714,0.0,732.6007328033447,512,64,"{""key"": ""lr3e-3_wd0"", ""lr"": 0.003, ""weight_decay"": 0.0}",800,ok,0.04788567970084614,2500.0,,0.009929041685374599,ok,0.009929041685374599,ok,0.014337219912483538,0.02423362986965921,,magnitude_fano,ok,733,microwave_fano_parameter_recovery_pilot,14.130706027150154,ok,1.7919371919706464,128,0.05855777859687805
532,660,"{""degree"":8,""denominator"":""squared"",""denominator_init_std"":0.05,""epsilon"":0.05,""initialization_mode"":""numerator_scaled"",""numerator_init_std"":0.014433756729740645,""shared_projection"":false,""skip"":true,""units"":12}",undercoupled:r2:p07,1264.649676322937,CFNN,0.02630894975783492,11019,0.02128910052162103,0.0,976.8009767532349,512,64,"{""key"": ""lr3e-3_wd0"", ""lr"": 0.003, ""weight_decay"": 0.0}",800,ok,0.04357703077773708,4000.0,,0.008333939646361943,ok,0.008333939646361943,ok,42.467459560063496,0.021752413928745884,,magnitude_fano,ok,751,microwave_fano_parameter_recovery_pilot,14.415842021815479,ok,1.6704602045938373,128,0.05036187171936035
528,620,"{""degree"":8,""depth"":23}",undercoupled:r2:p07,1069.704387664795,Local nested CF control,0.02704990789567712,11019,0.002861648986103201,0.0,732.6007328033447,512,64,"{""key"": ""lr3e-3_wd0"", ""lr"": 0.003, ""weight_decay"": 0.0}",800,ok,0.046151304078836004,3000.0,,0.016399204787829035,ok,0.016399204787829035,ok,0.013201789571267147,0.0028536723161072712,,magnitude_fano,ok,719,microwave_fano_parameter_recovery_pilot,17.81008841469884,ok,4.950039463117719,128,0.05892675742506981
528,760,"{""degree"":8,""depth"":23}",undercoupled:r2:p07,1446.4435930252075,Local nested CF control,0.028606492876613605,11019,0.008856602146675796,0.0,976.8009767532349,512,64,"{""key"": ""lr3e-3_wd0"", ""lr"": 0.003, ""weight_decay"": 0.0}",800,ok,0.04913317356724235,6000.0,,0.011066293905973164,ok,0.011066293905973164,ok,0.01689424565523033,0.008779105395047605,,magnitude_fano,ok,733,microwave_fano_parameter_recovery_pilot,18.506898758932948,ok,5.830110831186175,128,0.05845203995704651
528,800,"{""degree"":8,""depth"":23}",undercoupled:r2:p07,1860.8103332519531,Local nested CF control,0.02627079471916318,11019,0.01608306433460934,0.0,1465.2014656066895,512,64,"{""key"": ""lr3e-3_wd0"", ""lr"": 0.003, ""weight_decay"": 0.0}",800,ok,0.043610052893162554,1500.0,,0.009990689730208105,ok,0.009990689730208105,ok,32.47361658344456,0.016346292521629575,,magnitude_fano,ok,751,microwave_fano_parameter_recovery_pilot,18.430128869600594,ok,4.962174969725311,128,0.05674159526824951
502,460,"{""activation"":""tanh"",""depth"":2,""width"":20}",undercoupled:r2:p07,653.8404455184937,MLP,0.02858570037280253,11019,0.08317031554542023,0.0,366.30036640167236,512,64,"{""key"": ""lr3e-3_wd0"", ""lr"": 0.003, ""weight_decay"": 0.0}",660,ok,0.04853016975436681,2000.0,,0.00926810917081711,ok,0.00926810917081711,ok,0.007711757043833168,0.09071499440203282,,magnitude_fano,ok,719,microwave_fano_parameter_recovery_pilot,14.926859716884792,ok,0.7368779331445694,128,0.05828192085027695
502,580,"{""activation"":""tanh"",""depth"":2,""width"":20}",undercoupled:r2:p07,571.6629657745361,MLP,0.027194320615248197,11019,0.008747100475772695,0.0,244.20024394989014,512,64,"{""key"": ""lr3e-3_wd0"", ""lr"": 0.003, ""weight_decay"": 0.0}",780,ok,0.04516174487367148,2500.0,,0.005680881265997358,ok,0.005680881265997358,ok,0.010456638801595605,0.008824185218834367,,magnitude_fano,ok,733,microwave_fano_parameter_recovery_pilot,15.589698923751712,ok,1.1145679568871856,128,0.05427764356136322
502,800,"{""activation"":""tanh"",""depth"":2,""width"":20}",undercoupled:r2:p07,1369.7659378051758,MLP,0.02594347363435641,11019,0.01990148913685052,0.0,976.8009767532349,512,64,"{""key"": ""lr3e-3_wd0"", ""lr"": 0.003, ""weight_decay"": 0.0}",800,ok,0.042373845605937877,4000.0,,0.006655187197559127,ok,0.006655187197559127,ok,37.47617705449844,0.02030584846521534,,magnitude_fano,ok,751,microwave_fano_parameter_recovery_pilot,15.977716607041657,ok,1.1060945922508836,128,0.05235312134027481
532,740,"{""degree"":8,""denominator"":""squared"",""denominator_init_std"":0.05,""epsilon"":0.05,""initialization_mode"":""numerator_scaled"",""numerator_init_std"":0.014433756729740645,""shared_projection"":false,""skip"":true,""units"":12}",undercoupled:r5:p04,97.67646598815918,CFNN,0.027544734024618104,11019,0.018596130085644712,0.0,0.0,512,64,"{""key"": ""lr3e-3_wd0"", ""lr"": 0.003, ""weight_decay"": 0.0}",800,ok,0.033768193793580335,6500.0,,0.009312029236927517,ok,0.009312029236927517,ok,0.005078540232502131,0.018256640305384125,,magnitude_fano,ok,719,microwave_fano_parameter_recovery_pilot,20.035873284563422,ok,2.7337709702551365,128,0.05324734002351761
532,800,"{""degree"":8,""denominator"":""squared"",""denominator_init_std"":0.05,""epsilon"":0.05,""initialization_mode"":""numerator_scaled"",""numerator_init_std"":0.014433756729740645,""shared_projection"":false,""skip"":true,""units"":12}",undercoupled:r5:p04,1232.1339292526245,CFNN,0.027215786495184233,11019,0.03221603010024149,0.0,976.8009767532349,512,64,"{""key"": ""lr3e-3_wd0"", ""lr"": 0.003, ""weight_decay"": 0.0}",800,ok,0.034851944412208354,6000.0,,0.007899708772059873,ok,0.007899708772059873,ok,0.009428542205783085,0.031210709899603617,,magnitude_fano,ok,733,microwave_fano_parameter_recovery_pilot,18.240237389691174,ok,1.9286637669429183,128,0.047891899943351746
532,460,"{""degree"":8,""denominator"":""squared"",""denominator_init_std"":0.05,""epsilon"":0.05,""initialization_mode"":""numerator_scaled"",""numerator_init_std"":0.014433756729740645,""shared_projection"":false,""skip"":true,""units"":12}",undercoupled:r5:p04,500.151798248291,CFNN,0.027560135434570653,11019,0.024162022328330555,0.0,122.10012149810791,512,64,"{""key"": ""lr3e-3_wd0"", ""lr"": 0.003, ""weight_decay"": 0.0}",660,ok,0.03484552307158456,4500.0,,0.008890384262940277,ok,0.008890384262940277,ok,0.009072180943607592,0.024760349408317603,,magnitude_fano,ok,751,microwave_fano_parameter_recovery_pilot,17.018482950516045,ok,1.3824252942577004,128,0.05346480384469032
528,800,"{""degree"":8,""depth"":23}",undercoupled:r5:p04,456.3829469680786,Local nested CF control,0.026427457760841388,11019,0.05182461473578034,0.0,488.4004878997803,512,64,"{""key"": ""lr3e-3_wd0"", ""lr"": 0.003, ""weight_decay"": 0.0}",800,ok,0.03257223212915349,8500.0,,0.008559897980438887,ok,0.008559897980438887,ok,0.0011390404326902784,0.04927109796173758,,magnitude_fano,ok,719,microwave_fano_parameter_recovery_pilot,18.985724213533103,ok,3.868365792557597,128,0.04953049123287201
528,640,"{""degree"":8,""depth"":23}",undercoupled:r5:p04,1540.2945375442505,Local nested CF control,0.026317925487691664,11019,0.005465120032966661,0.0,1343.1013431549072,512,64,"{""key"": ""lr3e-3_wd0"", ""lr"": 0.003, ""weight_decay"": 0.0}",800,ok,0.03394409884153021,2500.0,,0.00706265789414972,ok,0.00706265789414972,ok,0.010391168137951334,0.005435619945702587,,magnitude_fano,ok,733,microwave_fano_parameter_recovery_pilot,19.228801617398858,ok,3.7886289972811937,128,0.04613122716546059
528,460,"{""degree"":8,""depth"":23}",undercoupled:r5:p04,328.65052032470703,Local nested CF control,0.02670523689479694,11019,0.009524404258155855,0.0,610.5006103515625,512,64,"{""key"": ""lr3e-3_wd0"", ""lr"": 0.003, ""weight_decay"": 0.0}",660,ok,0.03485076518885185,2500.0,,0.007584779352147951,ok,0.007584779352147951,ok,0.010280816857959355,0.009616035268034338,,magnitude_fano,ok,751,microwave_fano_parameter_recovery_pilot,17.73193869367242,ok,3.3240606375038624,128,0.04927068576216698
502,800,"{""activation"":""tanh"",""depth"":2,""width"":20}",undercoupled:r5:p04,521.6630964279175,MLP,0.026048203342245488,11019,0.005534424861030861,0.0,366.30036640167236,512,64,"{""key"": ""lr3e-3_wd0"", ""lr"": 0.003, ""weight_decay"": 0.0}",800,ok,0.03232563695061441,5000.0,,0.00504100171537946,ok,0.00504100171537946,ok,0.0033030099299362313,0.005503894127690148,,magnitude_fano,ok,719,microwave_fano_parameter_recovery_pilot,16.412204301916063,ok,0.7971182558685541,128,0.04670146852731705
502,800,"{""activation"":""tanh"",""depth"":2,""width"":20}",undercoupled:r5:p04,1400.9813785552979,MLP,0.026444571349323084,11019,0.01220867690992817,0.0,1221.001220703125,512,64,"{""key"": ""lr3e-3_wd0"", ""lr"": 0.003, ""weight_decay"": 0.0}",800,ok,0.03444822809675978,6500.0,,0.0028994407027676705,ok,0.0028994407027676705,ok,0.00811429451614332,0.01206160820802288,,magnitude_fano,ok,733,microwave_fano_parameter_recovery_pilot,16.86239456385374,ok,0.8700282648205757,128,0.048369236290454865
502,800,"{""activation"":""tanh"",""depth"":2,""width"":20}",undercoupled:r5:p04,527.235405921936,MLP,0.026043240632547832,11019,0.008816990143541351,0.0,366.30036640167236,512,64,"{""key"": ""lr3e-3_wd0"", ""lr"": 0.003, ""weight_decay"": 0.0}",800,ok,0.032747712071044835,3500.0,,0.006418477027130893,ok,0.006418477027130893,ok,0.003462097492934751,0.008895492201521953,,magnitude_fano,ok,751,microwave_fano_parameter_recovery_pilot,16.586458534002304,ok,0.8147301394492388,128,0.05185450613498688
532,780,"{""degree"":8,""denominator"":""squared"",""denominator_init_std"":0.05,""epsilon"":0.05,""initialization_mode"":""numerator_scaled"",""numerator_init_std"":0.014433756729740645,""shared_projection"":false,""skip"":true,""units"":12}",undercoupled:r8:p03,2702.7745265960693,CFNN,0.042234153980156494,11019,0.013277356324149663,0.0,1221.001220703125,512,64,"{""key"": ""lr3e-3_wd0"", ""lr"": 0.003, ""weight_decay"": 0.0}",800,ok,0.04637764445994633,50000.0,,0.0063613195987480406,ok,0.0063613195987480406,ok,0.033661963051127314,0.013103124978214354,,magnitude_fano,ok,719,microwave_fano_parameter_recovery_pilot,11.140470068901777,ok,1.4730741381645203,128,0.19781121611595154
532,660,"{""degree"":8,""denominator"":""squared"",""denominator_init_std"":0.05,""epsilon"":0.05,""initialization_mode"":""numerator_scaled"",""numerator_init_std"":0.014433756729740645,""shared_projection"":false,""skip"":true,""units"":12}",undercoupled:r8:p03,4238.955366134644,CFNN,0.04261650614019184,11019,0.18067331102586281,0.0,2319.9023208618164,512,64,"{""key"": ""lr3e-3_wd0"", ""lr"": 0.003, ""weight_decay"": 0.0}",800,ok,0.046733697337978275,53000.0,,0.014639789199881981,ok,0.014639789199881981,ok,34.757903813070406,0.15302531790310864,,magnitude_fano,ok,733,microwave_fano_parameter_recovery_pilot,9.307513038627803,ok,1.5708664674311876,128,0.20036907494068146
532,480,"{""degree"":8,""denominator"":""squared"",""denominator_init_std"":0.05,""epsilon"":0.05,""initialization_mode"":""numerator_scaled"",""numerator_init_std"":0.014433756729740645,""shared_projection"":false,""skip"":true,""units"":12}",undercoupled:r8:p03,1816.3735389709473,CFNN,0.0427198797593578,11019,0.14422341716064463,0.0,1221.001220703125,512,64,"{""key"": ""lr3e-3_wd0"", ""lr"": 0.003, ""weight_decay"": 0.0}",680,ok,0.046555674375241884,56000.0,,0.01345119746644357,ok,0.01345119746644357,ok,0.029132415413350446,0.1685290853750165,,magnitude_fano,ok,751,microwave_fano_parameter_recovery_pilot,11.747949823737144,ok,1.3858769685029984,128,0.18848562240600586
528,540,"{""degree"":8,""depth"":23}",undercoupled:r8:p03,3144.3054695129395,Local nested CF control,0.041835041651213954,11019,0.053614203496024936,0.0,1587.3015880584717,512,64,"{""key"": ""lr3e-3_wd0"", ""lr"": 0.003, ""weight_decay"": 0.0}",740,ok,0.0455354770193408,50500.0,,0.004004870710205767,ok,0.004004870710205767,ok,21.584363203534213,0.05088570838480495,,magnitude_fano,ok,719,microwave_fano_parameter_recovery_pilot,14.300856564193964,ok,3.5392262525856495,128,0.19602620601654053
528,400,"{""degree"":8,""depth"":23}",undercoupled:r8:p03,2889.8463287353516,Local nested CF control,0.04068166850543254,11019,0.0718777128303987,0.0,1221.001220703125,512,64,"{""key"": ""lr3e-3_wd0"", ""lr"": 0.003, ""weight_decay"": 0.0}",600,ok,0.04378227764486447,53500.0,,0.00788313022596574,ok,0.00788313022596574,ok,0.04228094204820625,0.06705749893922758,,magnitude_fano,ok,733,microwave_fano_parameter_recovery_pilot,14.465755993500352,ok,3.0517758512869477,128,0.18613649904727936
528,380,"{""degree"":8,""depth"":23}",undercoupled:r8:p03,713.0523281097412,Local nested CF control,0.04171920053880418,11019,0.1294796994281685,0.0,732.6007328033447,512,64,"{""key"": ""lr3e-3_wd0"", ""lr"": 0.003, ""weight_decay"": 0.0}",580,ok,0.04502222242163397,55500.0,,0.009381806556295433,ok,0.009381806556295433,ok,0.011245660792531087,0.14873821055776332,,magnitude_fano,ok,751,microwave_fano_parameter_recovery_pilot,10.06346342433244,ok,2.7721313992515206,128,0.18494057655334473
502,800,"{""activation"":""tanh"",""depth"":2,""width"":20}",undercoupled:r8:p03,2243.5151290893555,MLP,0.042108804313943614,11019,0.025009135982504472,0.0,1098.9010982513428,512,64,"{""key"": ""lr3e-3_wd0"", ""lr"": 0.003, ""weight_decay"": 0.0}",800,ok,0.046008679399364316,50500.0,,0.005243417621972513,ok,0.005243417621972513,ok,0.027831894487314275,0.024398731875182326,,magnitude_fano,ok,719,microwave_fano_parameter_recovery_pilot,11.246684017591178,ok,0.837947397492826,128,0.19675371050834656
502,440,"{""activation"":""tanh"",""depth"":2,""width"":20}",undercoupled:r8:p03,1293.88529586792,MLP,0.04088143354591819,11019,0.05849041595134906,0.0,488.4004878997803,512,64,"{""key"": ""lr3e-3_wd0"", ""lr"": 0.003, ""weight_decay"": 0.0}",640,ok,0.04423607668679983,51000.0,,0.008439582455363364,ok,0.008439582455363364,ok,0.02162950496467185,0.05525821706401973,,magnitude_fano,ok,733,microwave_fano_parameter_recovery_pilot,10.1867108438164,ok,0.654428263194859,128,0.1880090832710266
502,400,"{""activation"":""tanh"",""depth"":2,""width"":20}",undercoupled:r8:p03,1416.4335479736328,MLP,0.041811307815031014,11019,0.08604405410144697,0.0,854.700855255127,512,64,"{""key"": ""lr3e-3_wd0"", ""lr"": 0.003, ""weight_decay"": 0.0}",600,ok,0.045297743175891664,52000.0,,0.00938994446208911,ok,0.00938994446208911,ok,0.022996173257990776,0.09414449358475509,,magnitude_fano,ok,751,microwave_fano_parameter_recovery_pilot,9.9815503526479,ok,0.6427895743399858,128,0.18522869050502777
532,800,"{""degree"":8,""denominator"":""squared"",""denominator_init_std"":0.05,""epsilon"":0.05,""initialization_mode"":""numerator_scaled"",""numerator_init_std"":0.014433756729740645,""shared_projection"":false,""skip"":true,""units"":12}",overcoupled:r1:p23,30488.09065437317,CFNN,0.02606943168696806,11027,0.1034299387064593,0.0,27106.22710609436,512,64,"{""key"": ""lr3e-3_wd0"", ""lr"": 0.003, ""weight_decay"": 0.0}",800,ok,0.037679687532870904,6000.0,,0.021811094328325533,ok,0.021811094328325533,ok,1.0134503531685164,0.11535499691700093,,magnitude_fano,ok,719,microwave_fano_parameter_recovery_pilot,12.7660020776093,ok,1.9653113605454564,128,0.03430008515715599
532,760,"{""degree"":8,""denominator"":""squared"",""denominator_init_std"":0.05,""epsilon"":0.05,""initialization_mode"":""numerator_scaled"",""numerator_init_std"":0.014433756729740645,""shared_projection"":false,""skip"":true,""units"":12}",overcoupled:r1:p23,8943.314438819885,CFNN,0.018260184245316887,11027,0.06421135242803198,0.0,4395.604395866394,512,64,"{""key"": ""lr3e-3_wd0"", ""lr"": 0.003, ""weight_decay"": 0.0}",800,ok,0.026039998535191896,6000.0,,0.0157664190048501,ok,0.0157664190048501,ok,5.796421099791828,0.06033871208427792,,magnitude_fano,ok,733,microwave_fano_parameter_recovery_pilot,12.81001684628427,ok,1.6268653450533748,128,0.02480906993150711
532,800,"{""degree"":8,""denominator"":""squared"",""denominator_init_std"":0.05,""epsilon"":0.05,""initialization_mode"":""numerator_scaled"",""numerator_init_std"":0.014433756729740645,""shared_projection"":false,""skip"":true,""units"":12}",overcoupled:r1:p23,6423.594828605652,CFNN,0.020767661492780334,11027,0.19634108616821347,0.0,13186.813186645508,512,64,"{""key"": ""lr3e-3_wd0"", ""lr"": 0.003, ""weight_decay"": 0.0}",800,ok,0.030138870059635833,9000.0,,0.016633832147023356,ok,0.016633832147023356,ok,5.786909955451211,0.16411690845153148,,magnitude_fano,ok,751,microwave_fano_parameter_recovery_pilot,14.72346331551671,ok,1.6507238782942295,128,0.028567105531692505
528,800,"{""degree"":8,""depth"":23}",overcoupled:r1:p23,46279.76191902161,Local nested CF control,0.029054328000458346,11027,0.11118042814759704,2206593.4065933228,37362.63736248016,512,64,"{""key"": ""lr3e-3_wd0"", ""lr"": 0.003, ""weight_decay"": 0.0}",800,ok,0.04143863166697964,18000.0,,0.018818946861857918,ok,0.018818946861857918,ok,1.6883430008497409,0.12507731488856433,,magnitude_fano,ok,719,microwave_fano_parameter_recovery_pilot,7.60128752887249,ok,3.754250641912222,128,0.04152506962418556
528,800,"{""degree"":8,""depth"":23}",overcoupled:r1:p23,60356.72314453125,Local nested CF control,0.027410756533538524,11027,0.058645463217278516,2162637.362636566,39560.43955993652,512,64,"{""key"": ""lr3e-3_wd0"", ""lr"": 0.003, ""weight_decay"": 0.0}",800,ok,0.03809248730420324,15000.0,,0.017018926937912075,ok,0.017018926937912075,ok,2.3711792964039,0.06228618528701894,,magnitude_fano,ok,733,microwave_fano_parameter_recovery_pilot,20.161071657203138,ok,3.6549022598192096,128,0.03644727170467377
528,800,"{""degree"":8,""depth"":23}",overcoupled:r1:p23,42386.28760623932,Local nested CF control,0.026889825240363444,11027,0.0655217626702686,0.0,17582.417582511902,512,64,"{""key"": ""lr3e-3_wd0"", ""lr"": 0.003, ""weight_decay"": 0.0}",800,ok,0.03849431454275795,21000.0,,0.017883356652670074,ok,0.017883356652670074,ok,2.1817412051639526,0.06150061724229694,,magnitude_fano,ok,751,microwave_fano_parameter_recovery_pilot,19.570406877435744,ok,3.8492474565282464,128,0.03601556643843651
502,800,"{""activation"":""tanh"",""depth"":2,""width"":20}",overcoupled:r1:p23,61032.681345939636,MLP,0.029682324309633128,11027,0.1799327477782838,2166300.366299629,52747.252747535706,512,64,"{""key"": ""lr3e-3_wd0"", ""lr"": 0.003, ""weight_decay"": 0.0}",800,ok,0.04284939187446348,9000.0,,0.017672886396227855,ok,0.017672886396227855,ok,5.87410267556934,0.21939728953020562,,magnitude_fano,ok,719,microwave_fano_parameter_recovery_pilot,16.652953691780567,ok,0.8557565249502659,128,0.036333635449409485
502,800,"{""activation"":""tanh"",""depth"":2,""width"":20}",overcoupled:r1:p23,39231.19357585907,MLP,0.021051234689009293,11027,0.009445512963703077,0.0,27106.22710609436,512,64,"{""key"": ""lr3e-3_wd0"", ""lr"": 0.003, ""weight_decay"": 0.0}",800,ok,0.02952221830050636,9000.0,,0.020036707348153257,ok,0.020036707348153257,ok,5.850023906237358,0.00952765460720583,,magnitude_fano,ok,733,microwave_fano_parameter_recovery_pilot,6.713360480964184,ok,0.8756236815825105,128,0.028899790719151497
502,800,"{""activation"":""tanh"",""depth"":2,""width"":20}",overcoupled:r1:p23,27793.250129699707,MLP,0.024076304109223446,11027,0.1497345465901047,0.0,7326.007326126099,512,64,"{""key"": ""lr3e-3_wd0"", ""lr"": 0.003, ""weight_decay"": 0.0}",800,ok,0.034414568012077935,18000.0,,0.02082614982755772,ok,0.02082614982755772,ok,5.8543898564252075,0.13023885358966522,,magnitude_fano,ok,751,microwave_fano_parameter_recovery_pilot,8.276944434270263,ok,0.8855066122487187,128,0.03287520259618759
532,800,"{""degree"":8,""denominator"":""squared"",""denominator_init_std"":0.05,""epsilon"":0.05,""initialization_mode"":""numerator_scaled"",""numerator_init_std"":0.014433756729740645,""shared_projection"":false,""skip"":true,""units"":12}",overcoupled:r3:p25,128341.8065032959,CFNN,0.02746151928514683,11027,0.2976558706219262,0.0,98901.09890079498,512,64,"{""key"": ""lr3e-3_wd0"", ""lr"": 0.003, ""weight_decay"": 0.0}",800,ok,0.03279314887823639,36000.0,,0.012139781405315022,ok,0.012139781405315022,ok,9.64164937511509,0.4237741899781169,,magnitude_fano,ok,719,microwave_fano_parameter_recovery_pilot,15.243933270685375,ok,1.505815427750349,128,0.03092852234840393
532,740,"{""degree"":8,""denominator"":""squared"",""denominator_init_std"":0.05,""epsilon"":0.05,""initialization_mode"":""numerator_scaled"",""numerator_init_std"":0.014433756729740645,""shared_projection"":false,""skip"":true,""units"":12}",overcoupled:r3:p25,39035.75250339508,CFNN,0.022339379922839478,11027,0.09176980434635594,0.0,32967.032967567444,512,64,"{""key"": ""lr3e-3_wd0"", ""lr"": 0.003, ""weight_decay"": 0.0}",800,ok,0.026616772027804894,27000.0,,0.007364983186043597,ok,0.007364983186043597,ok,9.473341062737688,0.101035566258597,,magnitude_fano,ok,733,microwave_fano_parameter_recovery_pilot,6.931937274523079,ok,1.7516691973432899,128,0.03188187628984451
532,800,"{""degree"":8,""denominator"":""squared"",""denominator_init_std"":0.05,""epsilon"":0.05,""initialization_mode"":""numerator_scaled"",""numerator_init_std"":0.014433756729740645,""shared_projection"":false,""skip"":true,""units"":12}",overcoupled:r3:p25,100033.76175785065,CFNN,0.025043497778565453,11027,0.21903172670276885,0.0,73992.67399311066,512,64,"{""key"": ""lr3e-3_wd0"", ""lr"": 0.003, ""weight_decay"": 0.0}",800,ok,0.03003419379174428,54000.0,,0.015423908278808914,ok,0.015423908278808914,ok,5.553971470402471,0.2804412318581352,,magnitude_fano,ok,751,microwave_fano_parameter_recovery_pilot,12.17604413907975,ok,1.7875642031431198,128,0.028051871806383133
528,800,"{""degree"":8,""depth"":23}",overcoupled:r3:p25,124459.1283416748,Local nested CF control,0.032739526188853035,11027,0.41502983867139775,0.0,110622.71062278748,512,64,"{""key"": ""lr3e-3_wd0"", ""lr"": 0.003, ""weight_decay"": 0.0}",800,ok,0.03923633665770218,12000.0,,0.017943235049168543,ok,0.017943235049168543,ok,9.595941072893464,0.7094548267153982,,magnitude_fano,ok,719,microwave_fano_parameter_recovery_pilot,10.510539784096181,ok,4.149127155542374,128,0.03526676073670387
528,800,"{""degree"":8,""depth"":23}",overcoupled:r3:p25,41275.6911649704,Local nested CF control,0.04096663481151381,11027,0.49424799503353906,0.0,50549.45054912567,512,64,"{""key"": ""lr3e-3_wd0"", ""lr"": 0.003, ""weight_decay"": 0.0}",800,ok,0.049238006148413296,72000.0,,0.01198359388490144,ok,0.01198359388490144,ok,9.463198310504145,0.9772405826981493,,magnitude_fano,ok,733,microwave_fano_parameter_recovery_pilot,8.008769949898124,ok,4.9399618450552225,128,0.06169915944337845
528,800,"{""degree"":8,""depth"":23}",overcoupled:r3:p25,87606.5086479187,Local nested CF control,0.025516353837409772,11027,0.32303667127267693,0.0,71794.87179470062,512,64,"{""key"": ""lr3e-3_wd0"", ""lr"": 0.003, ""weight_decay"": 0.0}",800,ok,0.030292746094248615,3000.0,,0.016101534258288905,ok,0.016101534258288905,ok,5.228728186982049,0.47716416222625163,,magnitude_fano,ok,751,microwave_fano_parameter_recovery_pilot,12.661517984233797,ok,5.007565572857857,128,0.030861474573612213
502,800,"{""activation"":""tanh"",""depth"":2,""width"":20}",overcoupled:r3:p25,119741.68630504608,MLP,0.02081409730433925,11027,0.2605608421387559,0.0,91575.09157562256,512,64,"{""key"": ""lr3e-3_wd0"", ""lr"": 0.003, ""weight_decay"": 0.0}",800,ok,0.025039258370016762,6000.0,,0.005614656114484923,ok,0.005614656114484923,ok,5.885404909567944,0.3523503735426486,,magnitude_fano,ok,719,microwave_fano_parameter_recovery_pilot,8.145455968566239,ok,1.5689535150304437,128,0.02060602977871895
502,800,"{""activation"":""tanh"",""depth"":2,""width"":20}",overcoupled:r3:p25,43726.02982902527,MLP,0.03076453121067936,11027,0.37830952491973396,0.0,46153.84615421295,512,64,"{""key"": ""lr3e-3_wd0"", ""lr"": 0.003, ""weight_decay"": 0.0}",800,ok,0.03696959484973799,57000.0,,0.008177671133425235,ok,0.008177671133425235,ok,2.7035926605020464,0.6085062207337094,,magnitude_fano,ok,733,microwave_fano_parameter_recovery_pilot,4.093675727024674,ok,1.3342884127050638,128,0.04473087191581726
502,800,"{""activation"":""tanh"",""depth"":2,""width"":20}",overcoupled:r3:p25,87486.97078227997,MLP,0.01469459129475032,11027,0.20055843756373984,0.0,61538.46153831482,512,64,"{""key"": ""lr3e-3_wd0"", ""lr"": 0.003, ""weight_decay"": 0.0}",800,ok,0.01738421402549537,15000.0,,0.006901986708668193,ok,0.006901986708668193,ok,9.587590539152524,0.2508556403247163,,magnitude_fano,ok,751,microwave_fano_parameter_recovery_pilot,5.748897793702781,ok,1.0066945906728506,128,0.016107963398098946
532,260,"{""degree"":8,""denominator"":""squared"",""denominator_init_std"":0.05,""epsilon"":0.05,""initialization_mode"":""numerator_scaled"",""numerator_init_std"":0.014433756729740645,""shared_projection"":false,""skip"":true,""units"":12}",undercoupled:r2:p07,1263.1834230422974,CFNN,0.030442997768828882,11027,0.012258993690452137,0.0,854.7008543014526,512,64,"{""key"": ""lr3e-3_wd0"", ""lr"": 0.003, ""weight_decay"": 0.0}",460,ok,0.05210553466253555,2500.0,,0.01665927589605038,ok,0.01665927589605038,ok,0.016695698028799617,0.012410915200988111,,magnitude_fano,ok,719,microwave_fano_parameter_recovery_pilot,14.860215206630528,ok,1.4801231157034636,128,0.06447169929742813
532,740,"{""degree"":8,""denominator"":""squared"",""denominator_init_std"":0.05,""epsilon"":0.05,""initialization_mode"":""numerator_scaled"",""numerator_init_std"":0.014433756729740645,""shared_projection"":false,""skip"":true,""units"":12}",undercoupled:r2:p07,859.5191869735718,CFNN,0.028894764063959223,11027,0.007901732451349371,0.0,610.5006103515625,512,64,"{""key"": ""lr3e-3_wd0"", ""lr"": 0.003, ""weight_decay"": 0.0}",800,ok,0.04925961214948496,3500.0,,0.01134005891678268,ok,0.01134005891678268,ok,0.008140893552063592,0.007839935673476921,,magnitude_fano,ok,733,microwave_fano_parameter_recovery_pilot,12.133812633343041,ok,2.1023749746382236,128,0.0601067915558815
532,260,"{""degree"":8,""denominator"":""squared"",""denominator_init_std"":0.05,""epsilon"":0.05,""initialization_mode"":""numerator_scaled"",""numerator_init_std"":0.014433756729740645,""shared_projection"":false,""skip"":true,""units"":12}",undercoupled:r2:p07,1515.536250114441,CFNN,0.028184095279717335,11027,0.012226016225436084,0.0,1221.001220703125,512,64,"{""key"": ""lr3e-3_wd0"", ""lr"": 0.003, ""weight_decay"": 0.0}",460,ok,0.0479338523439606,4000.0,,0.012158302011518182,ok,0.012158302011518182,ok,38.54923588746823,0.012377613665371904,,magnitude_fano,ok,751,microwave_fano_parameter_recovery_pilot,16.54878912679851,ok,1.70156024210155,128,0.051416777074337006
528,760,"{""degree"":8,""depth"":23}",undercoupled:r2:p07,1508.261817932129,Local nested CF control,0.03297645846809099,11027,0.04677478976373829,0.0,976.8009767532349,512,64,"{""key"": ""lr3e-3_wd0"", ""lr"": 0.003, ""weight_decay"": 0.0}",800,ok,0.05809375126321594,3000.0,,0.023609709546900295,ok,0.023609709546900295,ok,0.020707345125241458,0.044684928856364776,,magnitude_fano,ok,719,microwave_fano_parameter_recovery_pilot,19.83784715179354,ok,6.340473742224276,128,0.0807916671037674
528,800,"{""degree"":8,""depth"":23}",undercoupled:r2:p07,1874.7104215621948,Local nested CF control,0.03613957492597707,11027,0.0017838503122609972,0.0,1221.001220703125,512,64,"{""key"": ""lr3e-3_wd0"", ""lr"": 0.003, ""weight_decay"": 0.0}",800,ok,0.06315535903503484,3500.0,,0.020955400862290897,ok,0.020955400862290897,ok,0.025566399123274665,0.0017810054408367061,,magnitude_fano,ok,733,microwave_fano_parameter_recovery_pilot,19.23082901816815,ok,5.540287588723004,128,0.07813884317874908
528,680,"{""degree"":8,""depth"":23}",undercoupled:r2:p07,1038.6260957717896,Local nested CF control,0.02651831054361244,11027,0.02477572625186094,0.0,732.6007328033447,512,64,"{""key"": ""lr3e-3_wd0"", ""lr"": 0.003, ""weight_decay"": 0.0}",800,ok,0.042984969223594065,4500.0,,0.013304264736088029,ok,0.013304264736088029,ok,40.52806093519133,0.0254053461861039,,magnitude_fano,ok,751,microwave_fano_parameter_recovery_pilot,17.95242433436215,ok,5.1472271187230945,128,0.05301765352487564
502,500,"{""activation"":""tanh"",""depth"":2,""width"":20}",undercoupled:r2:p07,651.9661159515381,MLP,0.027931076551391598,11027,0.055909628350543535,0.0,488.4004878997803,512,64,"{""key"": ""lr3e-3_wd0"", ""lr"": 0.003, ""weight_decay"": 0.0}",700,ok,0.04664491231459457,2000.0,,0.011611842325604695,ok,0.011611842325604695,ok,0.0058536506882300235,0.05922050950743682,,magnitude_fano,ok,719,microwave_fano_parameter_recovery_pilot,12.818344658240676,ok,0.8190408339723945,128,0.056596044450998306
502,800,"{""activation"":""tanh"",""depth"":2,""width"":20}",undercoupled:r2:p07,682.5409269332886,MLP,0.027173429258181964,11027,0.0014175603556885704,0.0,488.4004878997803,512,64,"{""key"": ""lr3e-3_wd0"", ""lr"": 0.003, ""weight_decay"": 0.0}",800,ok,0.045503981817239324,3000.0,,0.008050779103167868,ok,0.008050779103167868,ok,0.008983842770457492,0.001419451576091013,,magnitude_fano,ok,733,microwave_fano_parameter_recovery_pilot,12.429802236147225,ok,0.9318883763626218,128,0.05576866865158081
502,580,"{""activation"":""tanh"",""depth"":2,""width"":20}",undercoupled:r2:p07,1180.3013677597046,MLP,0.026457624741680758,11027,0.00997042377890504,0.0,854.7008543014526,512,64,"{""key"": ""lr3e-3_wd0"", ""lr"": 0.003, ""weight_decay"": 0.0}",780,ok,0.043708513502954856,4000.0,,0.007855417265142812,ok,0.007855417265142812,ok,42.91113715244933,0.01007104550541302,,magnitude_fano,ok,751,microwave_fano_parameter_recovery_pilot,9.443098251707852,ok,0.7860586419701576,128,0.0517660453915596
532,740,"{""degree"":8,""denominator"":""squared"",""denominator_init_std"":0.05,""epsilon"":0.05,""initialization_mode"":""numerator_scaled"",""numerator_init_std"":0.014433756729740645,""shared_projection"":false,""skip"":true,""units"":12}",undercoupled:r5:p04,234.52856826782227,CFNN,0.02792475492407188,11027,0.03922768662512569,0.0,122.10012245178223,512,64,"{""key"": ""lr3e-3_wd0"", ""lr"": 0.003, ""weight_decay"": 0.0}",800,ok,0.034577162093351224,6500.0,,0.010783918110226717,ok,0.010783918110226717,ok,0.005778493825638424,0.03774699089596664,,magnitude_fano,ok,719,microwave_fano_parameter_recovery_pilot,16.760795899666846,ok,1.6342503782361746,128,0.0543861985206604
532,780,"{""degree"":8,""denominator"":""squared"",""denominator_init_std"":0.05,""epsilon"":0.05,""initialization_mode"":""numerator_scaled"",""numerator_init_std"":0.014433756729740645,""shared_projection"":false,""skip"":true,""units"":12}",undercoupled:r5:p04,1315.5811443328857,CFNN,0.028462816937839544,11027,0.03955167942580824,0.0,1221.001220703125,512,64,"{""key"": ""lr3e-3_wd0"", ""lr"": 0.003, ""weight_decay"": 0.0}",800,ok,0.03698102420520575,6000.0,,0.009396760503706034,ok,0.009396760503706034,ok,0.00445270648805911,0.03804703157157127,,magnitude_fano,ok,733,microwave_fano_parameter_recovery_pilot,18.025304499082267,ok,1.658720901235938,128,0.04993654787540436
532,640,"{""degree"":8,""denominator"":""squared"",""denominator_init_std"":0.05,""epsilon"":0.05,""initialization_mode"":""numerator_scaled"",""numerator_init_std"":0.014433756729740645,""shared_projection"":false,""skip"":true,""units"":12}",undercoupled:r5:p04,707.2981853485107,CFNN,0.0266208649523546,11027,0.004916861335788442,0.0,488.4004878997803,512,64,"{""key"": ""lr3e-3_wd0"", ""lr"": 0.003, ""weight_decay"": 0.0}",800,ok,0.03381836577689502,4500.0,,0.00896456929589449,ok,0.00896456929589449,ok,0.005457126344879913,0.004941251483465816,,magnitude_fano,ok,751,microwave_fano_parameter_recovery_pilot,17.35175887029618,ok,1.6594521049410105,128,0.05260566622018814
528,800,"{""degree"":8,""depth"":23}",undercoupled:r5:p04,3121.7415685653687,Local nested CF control,0.03932104276900384,11027,0.11716271054313397,0.0,2197.802198410034,512,64,"{""key"": ""lr3e-3_wd0"", ""lr"": 0.003, ""weight_decay"": 0.0}",800,ok,0.05734145773228263,6500.0,,0.02020305950800722,ok,0.02020305950800722,ok,32.18803912962551,0.10487561695683194,,magnitude_fano,ok,719,microwave_fano_parameter_recovery_pilot,18.450920835137367,ok,3.685425952076912,128,0.07384645193815231
528,800,"{""degree"":8,""depth"":23}",undercoupled:r5:p04,3805.2671461105347,Local nested CF control,0.03586550886606403,11027,0.0004802818112146686,0.0,3174.603175163269,512,64,"{""key"": ""lr3e-3_wd0"", ""lr"": 0.003, ""weight_decay"": 0.0}",800,ok,0.05248288114463795,4500.0,,0.017488866806712064,ok,0.017488866806712064,ok,38.511033372679215,0.00048000286519443746,,magnitude_fano,ok,733,microwave_fano_parameter_recovery_pilot,18.86448374018073,ok,3.8380282325670123,128,0.06395038217306137
528,780,"{""degree"":8,""depth"":23}",undercoupled:r5:p04,458.6219301223755,Local nested CF control,0.02708559344558608,11027,0.03259104994002445,0.0,366.30036640167236,512,64,"{""key"": ""lr3e-3_wd0"", ""lr"": 0.003, ""weight_decay"": 0.0}",800,ok,0.03466071394669367,3500.0,,0.008562258526195313,ok,0.008562258526195313,ok,0.0037708449151668015,0.03156245770894381,,magnitude_fano,ok,751,microwave_fano_parameter_recovery_pilot,19.01337664667517,ok,3.8325694361701608,128,0.05222363770008087
502,800,"{""activation"":""tanh"",""depth"":2,""width"":20}",undercoupled:r5:p04,604.8668203353882,MLP,0.025716261568671787,11027,0.017168254436274257,0.0,488.4004878997803,512,64,"{""key"": ""lr3e-3_wd0"", ""lr"": 0.003, ""weight_decay"": 0.0}",800,ok,0.03193536432207316,5500.0,,0.007181465850373345,ok,0.007181465850373345,ok,0.004164894741051899,0.016878400772440565,,magnitude_fano,ok,719,microwave_fano_parameter_recovery_pilot,17.136692389845848,ok,0.9015991967171431,128,0.04894530028104782
502,800,"{""activation"":""tanh"",""depth"":2,""width"":20}",undercoupled:r5:p04,2348.650510787964,MLP,0.027288263868975225,11027,0.006345775547185087,0.0,1831.5018320083618,512,64,"{""key"": ""lr3e-3_wd0"", ""lr"": 0.003, ""weight_decay"": 0.0}",800,ok,0.036039011605802064,7000.0,,0.004184818546058734,ok,0.004184818546058734,ok,0.01806316458627696,0.006306073080836967,,magnitude_fano,ok,733,microwave_fano_parameter_recovery_pilot,16.199399440549314,ok,0.9005519822239876,128,0.04910656809806824
502,800,"{""activation"":""tanh"",""depth"":2,""width"":20}",undercoupled:r5:p04,717.7748098373413,MLP,0.026890634718238274,11027,0.007021595201546197,0.0,366.30036640167236,512,64,"{""key"": ""lr3e-3_wd0"", ""lr"": 0.003, ""weight_decay"": 0.0}",800,ok,0.03450456953622216,4000.0,,0.0079344663632187,ok,0.0079344663632187,ok,0.008483645758988469,0.007071343414544876,,magnitude_fano,ok,751,microwave_fano_parameter_recovery_pilot,11.751170000061393,ok,0.8534657778218389,128,0.05463258922100067
532,800,"{""degree"":8,""denominator"":""squared"",""denominator_init_std"":0.05,""epsilon"":0.05,""initialization_mode"":""numerator_scaled"",""numerator_init_std"":0.014433756729740645,""shared_projection"":false,""skip"":true,""units"":12}",undercoupled:r8:p03,2260.687322616577,CFNN,0.04317610354748592,11027,0.044368392755399465,0.0,1343.1013431549072,512,64,"{""key"": ""lr3e-3_wd0"", ""lr"": 0.003, ""weight_decay"": 0.0}",800,ok,0.04779243488553379,50500.0,,0.00677311862343879,ok,0.00677311862343879,ok,0.02326877261021399,0.04248326407570349,,magnitude_fano,ok,719,microwave_fano_parameter_recovery_pilot,11.162737200036645,ok,1.6701719732955098,128,0.19936183094978333
532,320,"{""degree"":8,""denominator"":""squared"",""denominator_init_std"":0.05,""epsilon"":0.05,""initialization_mode"":""numerator_scaled"",""numerator_init_std"":0.014433756729740645,""shared_projection"":false,""skip"":true,""units"":12}",undercoupled:r8:p03,3484.362922668457,CFNN,0.042732662070004104,11027,0.27978988436396174,13064.713064193726,1709.401710510254,512,64,"{""key"": ""lr3e-3_wd0"", ""lr"": 0.003, ""weight_decay"": 0.0}",520,ok,0.0467957393253315,50000.0,,0.01111524846721372,ok,0.01111524846721372,ok,0.058088732122653586,0.21862147616955244,,magnitude_fano,ok,733,microwave_fano_parameter_recovery_pilot,15.008949065580964,ok,1.0177359664812684,128,0.19777469336986542
532,420,"{""degree"":8,""denominator"":""squared"",""denominator_init_std"":0.05,""epsilon"":0.05,""initialization_mode"":""numerator_scaled"",""numerator_init_std"":0.014433756729740645,""shared_projection"":false,""skip"":true,""units"":12}",undercoupled:r8:p03,2006.736831665039,CFNN,0.042504652599122325,11027,0.13894423446782875,0.0,1343.1013431549072,512,64,"{""key"": ""lr3e-3_wd0"", ""lr"": 0.003, ""weight_decay"": 0.0}",620,ok,0.046076838215633825,55500.0,,0.013284060819402501,ok,0.013284060819402501,ok,0.031607403450787136,0.16136474499718,,magnitude_fano,ok,751,microwave_fano_parameter_recovery_pilot,12.804953094571829,ok,1.274711610749364,128,0.18767526745796204
528,300,"{""degree"":8,""depth"":23}",undercoupled:r8:p03,3983.94425201416,Local nested CF control,0.04241935299280191,11027,0.05481209531619284,0.0,1953.6019535064697,512,64,"{""key"": ""lr3e-3_wd0"", ""lr"": 0.003, ""weight_decay"": 0.0}",500,ok,0.046238372427680696,56500.0,,0.007827477867036525,ok,0.007827477867036525,ok,0.048002350980457784,0.05196348950973504,,magnitude_fano,ok,719,microwave_fano_parameter_recovery_pilot,13.12886208575219,ok,2.423962571658194,128,0.19735205173492432
528,340,"{""degree"":8,""depth"":23}",undercoupled:r8:p03,4164.527198791504,Local nested CF control,0.041761379900848106,11027,0.16048572062934044,0.0,2197.802198410034,512,64,"{""key"": ""lr3e-3_wd0"", ""lr"": 0.003, ""weight_decay"": 0.0}",540,ok,0.04571991156107249,58000.0,,0.010757391050541219,ok,0.010757391050541219,ok,0.053425716741798954,0.13829151240132737,,magnitude_fano,ok,733,microwave_fano_parameter_recovery_pilot,13.075222842395306,ok,2.8451687023043633,128,0.19123244285583496
528,540,"{""degree"":8,""depth"":23}",undercoupled:r8:p03,378.70375061035156,Local nested CF control,0.04191294384478825,11027,0.07782440115402521,0.0,488.4004878997803,512,64,"{""key"": ""lr3e-3_wd0"", ""lr"": 0.003, ""weight_decay"": 0.0}",740,ok,0.04536973685392729,58000.0,,0.013493357641837466,ok,0.013493357641837466,ok,0.003062743143108046,0.08439213238060468,,magnitude_fano,ok,751,microwave_fano_parameter_recovery_pilot,14.812737246975303,ok,3.457403493113816,128,0.18732719123363495
502,800,"{""activation"":""tanh"",""depth"":2,""width"":20}",undercoupled:r8:p03,2723.778621673584,MLP,0.042192833675767955,11027,0.019397201108518638,0.0,1343.1013431549072,512,64,"{""key"": ""lr3e-3_wd0"", ""lr"": 0.003, ""weight_decay"": 0.0}",800,ok,0.04625969920689364,51500.0,,0.005279136177370119,ok,0.005279136177370119,ok,0.03201124406577443,0.019027855489057048,,magnitude_fano,ok,719,microwave_fano_parameter_recovery_pilot,11.362469796091318,ok,0.7963686846196651,128,0.19726601243019104
502,620,"{""activation"":""tanh"",""depth"":2,""width"":20}",undercoupled:r8:p03,3026.9961471557617,MLP,0.040489055581878354,11027,0.08854590702928174,0.0,1343.1013431549072,512,64,"{""key"": ""lr3e-3_wd0"", ""lr"": 0.003, ""weight_decay"": 0.0}",800,ok,0.0433906303176901,52000.0,,0.011044809091929796,ok,0.011044809091929796,ok,24.53619591493189,0.08134302761420213,,magnitude_fano,ok,733,microwave_fano_parameter_recovery_pilot,7.735748458653688,ok,0.8090296359732747,128,0.1874885857105255
502,520,"{""activation"":""tanh"",""depth"":2,""width"":20}",undercoupled:r8:p03,1842.111270904541,MLP,0.04258181252353058,11027,0.12149377664891799,0.0,1098.9010982513428,512,64,"{""key"": ""lr3e-3_wd0"", ""lr"": 0.003, ""weight_decay"": 0.0}",720,ok,0.0466309579527387,54500.0,,0.012471942906441444,ok,0.012471942906441444,ok,0.030926705985520872,0.13829566439912003,,magnitude_fano,ok,751,microwave_fano_parameter_recovery_pilot,8.757739786058664,ok,0.7800712026655674,128,0.1878351867198944
532,800,"{""degree"":8,""denominator"":""squared"",""denominator_init_std"":0.05,""epsilon"":0.05,""initialization_mode"":""numerator_scaled"",""numerator_init_std"":0.014433756729740645,""shared_projection"":false,""skip"":true,""units"":12}",overcoupled:r1:p23,14566.808173179626,CFNN,0.018454677026302595,11003,0.002461333725500074,0.0,11721.611721038818,512,128,"{""key"": ""lr3e-3_wd0"", ""lr"": 0.003, ""weight_decay"": 0.0}",800,ok,0.02672033921893299,0.0,,0.019491526730612097,ok,0.019491526730612097,ok,5.799208557183476,0.002458198757150772,,magnitude_fano,ok,719,microwave_fano_parameter_recovery_pilot,14.224060596898198,ok,2.9250962007790804,128,0.024880215525627136
532,780,"{""degree"":8,""denominator"":""squared"",""denominator_init_std"":0.05,""epsilon"":0.05,""initialization_mode"":""numerator_scaled"",""numerator_init_std"":0.014433756729740645,""shared_projection"":false,""skip"":true,""units"":12}",overcoupled:r1:p23,3895.7037286758423,CFNN,0.016886235782937613,11003,0.07989185229381522,2470329.670329094,2197.80219745636,512,128,"{""key"": ""lr3e-3_wd0"", ""lr"": 0.003, ""weight_decay"": 0.0}",800,ok,0.024313939202981194,12000.0,,0.016307560459948918,ok,0.016307560459948918,ok,5.7807625424670395,0.07398206758497462,,magnitude_fano,ok,733,microwave_fano_parameter_recovery_pilot,14.0786835802719,ok,1.9930807426571846,128,0.023395776748657227
532,780,"{""degree"":8,""denominator"":""squared"",""denominator_init_std"":0.05,""epsilon"":0.05,""initialization_mode"":""numerator_scaled"",""numerator_init_std"":0.014433756729740645,""shared_projection"":false,""skip"":true,""units"":12}",overcoupled:r1:p23,16367.969548225403,CFNN,0.017539427712050734,11003,0.046671713104551434,0.0,11721.611721038818,512,128,"{""key"": ""lr3e-3_wd0"", ""lr"": 0.003, ""weight_decay"": 0.0}",800,ok,0.02515414563609737,18000.0,,0.018750695892637545,ok,0.018750695892637545,ok,5.799260865340534,0.04459372360352273,,magnitude_fano,ok,751,microwave_fano_parameter_recovery_pilot,11.287938124500215,ok,1.671834884211421,128,0.02606322430074215
528,800,"{""degree"":8,""depth"":23}",overcoupled:r1:p23,48175.70044517517,Local nested CF control,0.02945404089927217,11003,0.08719281202190024,2188278.3882780075,34432.23443222046,512,128,"{""key"": ""lr3e-3_wd0"", ""lr"": 0.003, ""weight_decay"": 0.0}",800,ok,0.04187437469423647,36000.0,,0.013939403024461406,ok,0.013939403024461406,ok,5.877988867310453,0.09551104661194475,,magnitude_fano,ok,719,microwave_fano_parameter_recovery_pilot,17.938201962970197,ok,3.8942583138123155,128,0.04066651314496994
528,800,"{""degree"":8,""depth"":23}",overcoupled:r1:p23,39475.596623420715,Local nested CF control,0.025143579366500697,11003,0.042436774130930596,0.0,24908.424908638,512,128,"{""key"": ""lr3e-3_wd0"", ""lr"": 0.003, ""weight_decay"": 0.0}",800,ok,0.03562860715373736,27000.0,,0.015978473400532867,ok,0.015978473400532867,ok,5.872811062970929,0.04430921335213355,,magnitude_fano,ok,733,microwave_fano_parameter_recovery_pilot,18.585955183021724,ok,3.948369945399463,128,0.035511355847120285
528,800,"{""degree"":8,""depth"":23}",overcoupled:r1:p23,27048.044297218323,Local nested CF control,0.017242500071806333,11003,0.04539466859541884,0.0,20512.820512771606,512,128,"{""key"": ""lr3e-3_wd0"", ""lr"": 0.003, ""weight_decay"": 0.0}",800,ok,0.02401455535420466,24000.0,,0.011827648301722163,ok,0.011827648301722163,ok,5.827805909663911,0.047547665575997225,,magnitude_fano,ok,751,microwave_fano_parameter_recovery_pilot,18.434918889775872,ok,3.8329458590596914,128,0.027236036956310272
502,800,"{""activation"":""tanh"",""depth"":2,""width"":20}",overcoupled:r1:p23,34722.87750720978,MLP,0.018392394702477916,11003,0.08230107571591347,2239560.4395599365,27106.22710609436,512,128,"{""key"": ""lr3e-3_wd0"", ""lr"": 0.003, ""weight_decay"": 0.0}",800,ok,0.026668756953224654,3000.0,,0.016782078693887665,ok,0.016782078693887665,ok,5.844632713661948,0.08967442797982976,,magnitude_fano,ok,719,microwave_fano_parameter_recovery_pilot,5.2057299595326185,ok,0.8981504188850522,128,0.023067330941557884
502,800,"{""activation"":""tanh"",""depth"":2,""width"":20}",overcoupled:r1:p23,21380.210823059082,MLP,0.014542765385930856,11003,0.033061871976060746,0.0,14652.014652252197,512,128,"{""key"": ""lr3e-3_wd0"", ""lr"": 0.003, ""weight_decay"": 0.0}",800,ok,0.020983056821665364,12000.0,,0.014663572594136712,ok,0.014663572594136712,ok,0.7943609535298775,0.03200790971303108,,magnitude_fano,ok,733,microwave_fano_parameter_recovery_pilot,6.864919600076973,ok,0.8100718539208174,128,0.020000159740447998
502,800,"{""activation"":""tanh"",""depth"":2,""width"":20}",overcoupled:r1:p23,30885.271236419678,MLP,0.018459277408961125,11003,0.010452978696752385,0.0,20512.820512771606,512,128,"{""key"": ""lr3e-3_wd0"", ""lr"": 0.003, ""weight_decay"": 0.0}",800,ok,0.02656717682577453,9000.0,,0.01886332076115997,ok,0.01886332076115997,ok,5.835644593796909,0.010350961856892086,,magnitude_fano,ok,751,microwave_fano_parameter_recovery_pilot,8.457113502547145,ok,0.8760973932221532,128,0.02789202332496643
532,800,"{""degree"":8,""denominator"":""squared"",""denominator_init_std"":0.05,""epsilon"":0.05,""initialization_mode"":""numerator_scaled"",""numerator_init_std"":0.014433756729740645,""shared_projection"":false,""skip"":true,""units"":12}",overcoupled:r3:p25,50335.2240896225,CFNN,0.017453114274769692,11003,0.013466782449860175,0.0,35164.835165023804,512,128,"{""key"": ""lr3e-3_wd0"", ""lr"": 0.003, ""weight_decay"": 0.0}",800,ok,0.020884793269034235,3000.0,,0.01251935850793098,ok,0.01251935850793098,ok,3.3519689217482567,0.013642440187317535,,magnitude_fano,ok,719,microwave_fano_parameter_recovery_pilot,8.624833934940398,ok,1.6669767061248422,128,0.01757505163550377
532,720,"{""degree"":8,""denominator"":""squared"",""denominator_init_std"":0.05,""epsilon"":0.05,""initialization_mode"":""numerator_scaled"",""numerator_init_std"":0.014433756729740645,""shared_projection"":false,""skip"":true,""units"":12}",overcoupled:r3:p25,48357.09262084961,CFNN,0.015370174122781095,11003,0.16061217807786599,0.0,23443.22344303131,512,128,"{""key"": ""lr3e-3_wd0"", ""lr"": 0.003, ""weight_decay"": 0.0}",800,ok,0.01845562699401837,18000.0,,0.013123722738310863,ok,0.013123722738310863,ok,9.333574935136506,0.1383790691722684,,magnitude_fano,ok,733,microwave_fano_parameter_recovery_pilot,9.30831732135266,ok,1.467051793821156,128,0.017771761864423752
532,740,"{""degree"":8,""denominator"":""squared"",""denominator_init_std"":0.05,""epsilon"":0.05,""initialization_mode"":""numerator_scaled"",""numerator_init_std"":0.014433756729740645,""shared_projection"":false,""skip"":true,""units"":12}",overcoupled:r3:p25,4052.477897644043,CFNN,0.015547434066084527,11003,0.03195419610526941,0.0,1465.2014656066895,512,128,"{""key"": ""lr3e-3_wd0"", ""lr"": 0.003, ""weight_decay"": 0.0}",800,ok,0.018480789533747394,21000.0,,0.012238280985592355,ok,0.012238280985592355,ok,9.410336184553763,0.030964113671961516,,magnitude_fano,ok,751,microwave_fano_parameter_recovery_pilot,7.728910616599023,ok,1.6883685262873769,128,0.019260751083493233
528,720,"{""degree"":8,""depth"":23}",overcoupled:r3:p25,49964.79692554474,Local nested CF control,0.016233218090839274,11003,0.06968620283681153,0.0,28571.42857170105,512,128,"{""key"": ""lr3e-3_wd0"", ""lr"": 0.003, ""weight_decay"": 0.0}",800,ok,0.01907384148163902,63000.0,,0.009118882666266754,ok,0.009118882666266754,ok,9.531847802830733,0.07489752419325661,,magnitude_fano,ok,719,microwave_fano_parameter_recovery_pilot,17.18777257297188,ok,4.047173989936709,128,0.017165984958410263
528,720,"{""degree"":8,""depth"":23}",overcoupled:r3:p25,53507.58726978302,Local nested CF control,0.015066045844684545,11003,0.08472334372086437,0.0,34432.23443222046,512,128,"{""key"": ""lr3e-3_wd0"", ""lr"": 0.003, ""weight_decay"": 0.0}",800,ok,0.017783099657451052,60000.0,,0.009152504524895742,ok,0.009152504524895742,ok,9.526269734111587,0.0925564669387054,,magnitude_fano,ok,733,microwave_fano_parameter_recovery_pilot,16.512943292967975,ok,3.732381987385452,128,0.01889105699956417
528,760,"{""degree"":8,""depth"":23}",overcoupled:r3:p25,40720.57025718689,Local nested CF control,0.014687349269446969,11003,0.07310575853078098,0.0,21978.021978378296,512,128,"{""key"": ""lr3e-3_wd0"", ""lr"": 0.003, ""weight_decay"": 0.0}",800,ok,0.01709888765677397,51000.0,,0.009567983899497003,ok,0.009567983899497003,ok,4.21000388947051,0.0788647001706979,,magnitude_fano,ok,751,microwave_fano_parameter_recovery_pilot,17.385253648273647,ok,4.001448051072657,128,0.01641027443110943
502,800,"{""activation"":""tanh"",""depth"":2,""width"":20}",overcoupled:r3:p25,56430.613161087036,MLP,0.014618301734709436,11003,0.13178625996147186,0.0,39560.4395608902,512,128,"{""key"": ""lr3e-3_wd0"", ""lr"": 0.003, ""weight_decay"": 0.0}",800,ok,0.01709610952837408,15000.0,,0.01072832142885485,ok,0.01072832142885485,ok,9.524713035128116,0.15177970074447644,,magnitude_fano,ok,719,microwave_fano_parameter_recovery_pilot,9.34945320431143,ok,0.8780311951413751,128,0.01623309962451458
502,800,"{""activation"":""tanh"",""depth"":2,""width"":20}",overcoupled:r3:p25,18030.321803092957,MLP,0.015628437589533587,11003,0.10578494311634516,0.0,732.6007328033447,512,128,"{""key"": ""lr3e-3_wd0"", ""lr"": 0.003, ""weight_decay"": 0.0}",800,ok,0.018071542798135443,15000.0,,0.011489974771117406,ok,0.011489974771117406,ok,9.492817394895697,0.09566763558825386,,magnitude_fano,ok,733,microwave_fano_parameter_recovery_pilot,14.025161577388644,ok,0.8675671732053161,128,0.019537990912795067
502,800,"{""activation"":""tanh"",""depth"":2,""width"":20}",overcoupled:r3:p25,32482.71213245392,MLP,0.013887060146513494,11003,0.04887914207626977,0.0,20512.820512771606,512,128,"{""key"": ""lr3e-3_wd0"", ""lr"": 0.003, ""weight_decay"": 0.0}",800,ok,0.016194263087120218,27000.0,,0.010708813160474484,ok,0.010708813160474484,ok,3.1765976752816245,0.05138562466999819,,magnitude_fano,ok,751,microwave_fano_parameter_recovery_pilot,10.322022537700832,ok,0.846604123711586,128,0.017586346715688705
532,800,"{""degree"":8,""denominator"":""squared"",""denominator_init_std"":0.05,""epsilon"":0.05,""initialization_mode"":""numerator_scaled"",""numerator_init_std"":0.014433756729740645,""shared_projection"":false,""skip"":true,""units"":12}",undercoupled:r2:p07,536.0269622802734,CFNN,0.024560833288385108,11003,0.018914264294903317,0.0,244.20024394989014,512,128,"{""key"": ""lr3e-3_wd0"", ""lr"": 0.003, ""weight_decay"": 0.0}",800,ok,0.040338020018178114,2500.0,,0.009197717963982742,ok,0.009197717963982742,ok,0.009483220270382115,0.01927881389887729,,magnitude_fano,ok,719,microwave_fano_parameter_recovery_pilot,10.033837443217635,ok,1.6584488293156028,128,0.052319396287202835
532,440,"{""degree"":8,""denominator"":""squared"",""denominator_init_std"":0.05,""epsilon"":0.05,""initialization_mode"":""numerator_scaled"",""numerator_init_std"":0.014433756729740645,""shared_projection"":false,""skip"":true,""units"":12}",undercoupled:r2:p07,653.0226926803589,CFNN,0.025518705112110737,11003,0.00906055815364865,0.0,488.4004878997803,512,128,"{""key"": ""lr3e-3_wd0"", ""lr"": 0.003, ""weight_decay"": 0.0}",640,ok,0.04253850679793238,2500.0,,0.007803754251509597,ok,0.007803754251509597,ok,0.007756658630077427,0.008979316244247419,,magnitude_fano,ok,733,microwave_fano_parameter_recovery_pilot,12.831688858568668,ok,1.3624741099774837,128,0.053231094032526016
532,560,"{""degree"":8,""denominator"":""squared"",""denominator_init_std"":0.05,""epsilon"":0.05,""initialization_mode"":""numerator_scaled"",""numerator_init_std"":0.014433756729740645,""shared_projection"":false,""skip"":true,""units"":12}",undercoupled:r2:p07,978.1366205215454,CFNN,0.0252746783125868,11003,0.0007955580320871664,0.0,732.6007328033447,512,128,"{""key"": ""lr3e-3_wd0"", ""lr"": 0.003, ""weight_decay"": 0.0}",760,ok,0.04180967410262867,4500.0,,0.010252570967024916,ok,0.010252570967024916,ok,0.009978146897922827,0.0007963649003894543,,magnitude_fano,ok,751,microwave_fano_parameter_recovery_pilot,12.95522159151733,ok,1.567150067538023,128,0.054282672703266144
528,400,"{""degree"":8,""depth"":23}",undercoupled:r2:p07,545.2878913879395,Local nested CF control,0.02550443181942822,11003,0.015106313592389755,0.0,366.30036640167236,512,128,"{""key"": ""lr3e-3_wd0"", ""lr"": 0.003, ""weight_decay"": 0.0}",600,ok,0.041602459778947116,2000.0,,0.01089731809761526,ok,0.01089731809761526,ok,0.004587737209514778,0.015337916348275981,,magnitude_fano,ok,719,microwave_fano_parameter_recovery_pilot,15.074868377298117,ok,2.8155328975990415,128,0.05193284898996353
528,800,"{""degree"":8,""depth"":23}",undercoupled:r2:p07,205.2495355606079,Local nested CF control,0.028760871961289722,11003,0.03706175977114092,0.0,122.10012245178223,512,128,"{""key"": ""lr3e-3_wd0"", ""lr"": 0.003, ""weight_decay"": 0.0}",800,ok,0.04969405009964102,3000.0,,0.009818132446902444,ok,0.009818132446902444,ok,0.0028169250974157435,0.03573730859290325,,magnitude_fano,ok,733,microwave_fano_parameter_recovery_pilot,16.47268500737846,ok,3.8475430896505713,128,0.0595814511179924
528,800,"{""degree"":8,""depth"":23}",undercoupled:r2:p07,1298.193603515625,Local nested CF control,0.025241609131875713,11003,0.006765176106859147,0.0,1098.901099205017,512,128,"{""key"": ""lr3e-3_wd0"", ""lr"": 0.003, ""weight_decay"": 0.0}",800,ok,0.04160085578045453,3500.0,,0.009800760268375936,ok,0.009800760268375936,ok,0.008327069352591265,0.006811487040216039,,magnitude_fano,ok,751,microwave_fano_parameter_recovery_pilot,16.400405294261873,ok,3.7824643701314926,128,0.05589146167039871
502,800,"{""activation"":""tanh"",""depth"":2,""width"":20}",undercoupled:r2:p07,422.16094303131104,MLP,0.025296896188123582,11003,0.026736655857804128,0.0,244.20024394989014,512,128,"{""key"": ""lr3e-3_wd0"", ""lr"": 0.003, ""weight_decay"": 0.0}",800,ok,0.042142234372948326,2000.0,,0.008056622701082856,ok,0.008056622701082856,ok,0.006629162965472041,0.027471065479846058,,magnitude_fano,ok,719,microwave_fano_parameter_recovery_pilot,9.534876815974712,ok,0.886733440682292,128,0.053936462849378586
502,800,"{""activation"":""tanh"",""depth"":2,""width"":20}",undercoupled:r2:p07,460.5529489517212,MLP,0.027311749223388495,11003,0.0018609193821683971,0.0,244.20024394989014,512,128,"{""key"": ""lr3e-3_wd0"", ""lr"": 0.003, ""weight_decay"": 0.0}",800,ok,0.04619217876448065,2000.0,,0.005741847697467418,ok,0.005741847697467418,ok,0.009123903092714734,0.0018643071030584183,,magnitude_fano,ok,733,microwave_fano_parameter_recovery_pilot,10.638832314871252,ok,0.8936127312481403,128,0.05831624194979668
502,800,"{""activation"":""tanh"",""depth"":2,""width"":20}",undercoupled:r2:p07,1098.8445129394531,MLP,0.025409067396776876,11003,0.018372319328894254,0.0,1098.901099205017,512,128,"{""key"": ""lr3e-3_wd0"", ""lr"": 0.003, ""weight_decay"": 0.0}",800,ok,0.042553882005651314,4000.0,,0.007005345984112665,ok,0.007005345984112665,ok,0.004645622859688512,0.01871637729093029,,magnitude_fano,ok,751,microwave_fano_parameter_recovery_pilot,10.093864756636322,ok,0.826077388599515,128,0.05513814091682434
532,720,"{""degree"":8,""denominator"":""squared"",""denominator_init_std"":0.05,""epsilon"":0.05,""initialization_mode"":""numerator_scaled"",""numerator_init_std"":0.014433756729740645,""shared_projection"":false,""skip"":true,""units"":12}",undercoupled:r5:p04,86.48843383789062,CFNN,0.0234876330608276,11003,0.0027484642593638784,0.0,122.10012149810791,512,128,"{""key"": ""lr3e-3_wd0"", ""lr"": 0.003, ""weight_decay"": 0.0}",800,ok,0.028203021241335103,4500.0,,0.005249487971880142,ok,0.005249487971880142,ok,0.0020785172844439512,0.0027560507461696897,,magnitude_fano,ok,719,microwave_fano_parameter_recovery_pilot,16.63660558871925,ok,1.5598086062818766,128,0.04314444214105606
532,480,"{""degree"":8,""denominator"":""squared"",""denominator_init_std"":0.05,""epsilon"":0.05,""initialization_mode"":""numerator_scaled"",""numerator_init_std"":0.014433756729740645,""shared_projection"":false,""skip"":true,""units"":12}",undercoupled:r5:p04,759.3638124465942,CFNN,0.02379317589978562,11003,0.00037637409624432497,0.0,488.4004888534546,512,128,"{""key"": ""lr3e-3_wd0"", ""lr"": 0.003, ""weight_decay"": 0.0}",680,ok,0.02873911225668539,4500.0,,0.007712885175388235,ok,0.007712885175388235,ok,0.009801723355371796,0.0003764140984481114,,magnitude_fano,ok,733,microwave_fano_parameter_recovery_pilot,11.943122484721243,ok,1.4104509688913822,128,0.04239775240421295
532,600,"{""degree"":8,""denominator"":""squared"",""denominator_init_std"":0.05,""epsilon"":0.05,""initialization_mode"":""numerator_scaled"",""numerator_init_std"":0.014433756729740645,""shared_projection"":false,""skip"":true,""units"":12}",undercoupled:r5:p04,61.32612323760986,CFNN,0.02437226457509583,11003,0.0003876386637450064,0.0,122.10012149810791,512,128,"{""key"": ""lr3e-3_wd0"", ""lr"": 0.003, ""weight_decay"": 0.0}",800,ok,0.03023508997788599,3000.0,,0.00661398491797025,ok,0.00661398491797025,ok,0.0030535942324832546,0.000387797199814664,,magnitude_fano,ok,751,microwave_fano_parameter_recovery_pilot,16.906858996488154,ok,1.5903002191334963,128,0.04430311173200607
528,700,"{""degree"":8,""depth"":23}",undercoupled:r5:p04,438.31710147857666,Local nested CF control,0.024775564548866674,11003,0.011999147004097375,0.0,488.4004878997803,512,128,"{""key"": ""lr3e-3_wd0"", ""lr"": 0.003, ""weight_decay"": 0.0}",800,ok,0.031144648127177404,6000.0,,0.005689981049540565,ok,0.005689981049540565,ok,0.0038888255897109227,0.012144934544808032,,magnitude_fano,ok,719,microwave_fano_parameter_recovery_pilot,19.21109434682876,ok,4.173835253342986,128,0.044938355684280396
528,280,"{""degree"":8,""depth"":23}",undercoupled:r5:p04,164.86737251281738,Local nested CF control,0.02411303266184298,11003,0.023110932129108593,0.0,122.10012245178223,512,128,"{""key"": ""lr3e-3_wd0"", ""lr"": 0.003, ""weight_decay"": 0.0}",480,ok,0.02880299096160694,6000.0,,0.006397232731384738,ok,0.006397232731384738,ok,0.0033319140928797925,0.02365766064470664,,magnitude_fano,ok,733,microwave_fano_parameter_recovery_pilot,16.97126037720591,ok,2.326308062300086,128,0.041107095777988434
528,800,"{""degree"":8,""depth"":23}",undercoupled:r5:p04,1513.7730407714844,Local nested CF control,0.0266580376441524,11003,0.02971842913040288,0.0,1221.001220703125,512,128,"{""key"": ""lr3e-3_wd0"", ""lr"": 0.003, ""weight_decay"": 0.0}",800,ok,0.035064414811814625,2500.0,,0.006572718835674171,ok,0.006572718835674171,ok,0.007338149795623484,0.02886053664033034,,magnitude_fano,ok,751,microwave_fano_parameter_recovery_pilot,19.197124978527427,ok,3.93589298799634,128,0.04816022515296936
502,800,"{""activation"":""tanh"",""depth"":2,""width"":20}",undercoupled:r5:p04,440.40182399749756,MLP,0.024113679057923405,11003,0.028998290265949238,0.0,488.4004878997803,512,128,"{""key"": ""lr3e-3_wd0"", ""lr"": 0.003, ""weight_decay"": 0.0}",800,ok,0.029711615939164736,5000.0,,0.0047214764785681,ok,0.0047214764785681,ok,0.001451416856623794,0.029864364748405026,,magnitude_fano,ok,719,microwave_fano_parameter_recovery_pilot,14.123671353794634,ok,0.833435233682394,128,0.04336089268326759
502,740,"{""activation"":""tanh"",""depth"":2,""width"":20}",undercoupled:r5:p04,627.9696044921875,MLP,0.023843983305722054,11003,0.027049439731480496,0.0,366.30036640167236,512,128,"{""key"": ""lr3e-3_wd0"", ""lr"": 0.003, ""weight_decay"": 0.0}",800,ok,0.02887565527716982,6000.0,,0.004725911445133045,ok,0.004725911445133045,ok,0.009739475511536743,0.02780136705601597,,magnitude_fano,ok,733,microwave_fano_parameter_recovery_pilot,13.576139839366078,ok,0.9070048537105322,128,0.04139365255832672
502,800,"{""activation"":""tanh"",""depth"":2,""width"":20}",undercoupled:r5:p04,348.3188896179199,MLP,0.02408689055005154,11003,0.025497121204200664,0.0,244.20024394989014,512,128,"{""key"": ""lr3e-3_wd0"", ""lr"": 0.003, ""weight_decay"": 0.0}",800,ok,0.029774178665586598,5500.0,,0.004223102525162476,ok,0.004223102525162476,ok,0.007172240198201331,0.02616418598958705,,magnitude_fano,ok,751,microwave_fano_parameter_recovery_pilot,10.344175331294537,ok,0.9101669071242213,128,0.04440827667713165
532,620,"{""degree"":8,""denominator"":""squared"",""denominator_init_std"":0.05,""epsilon"":0.05,""initialization_mode"":""numerator_scaled"",""numerator_init_std"":0.014433756729740645,""shared_projection"":false,""skip"":true,""units"":12}",undercoupled:r8:p03,582.19189453125,CFNN,0.041587924203788,11003,0.012738607908291824,0.0,0.0,512,128,"{""key"": ""lr3e-3_wd0"", ""lr"": 0.003, ""weight_decay"": 0.0}",800,ok,0.04505330492421777,53500.0,,0.010566443390292125,ok,0.010566443390292125,ok,0.010909543486542106,0.012903029794245248,,magnitude_fano,ok,719,microwave_fano_parameter_recovery_pilot,7.62390008661896,ok,1.6948409620672464,128,0.18889790773391724
532,300,"{""degree"":8,""denominator"":""squared"",""denominator_init_std"":0.05,""epsilon"":0.05,""initialization_mode"":""numerator_scaled"",""numerator_init_std"":0.014433756729740645,""shared_projection"":false,""skip"":true,""units"":12}",undercoupled:r8:p03,897.1724739074707,CFNN,0.04027413652471126,11003,0.03778139730795654,0.0,244.20024490356445,512,128,"{""key"": ""lr3e-3_wd0"", ""lr"": 0.003, ""weight_decay"": 0.0}",500,ok,0.042997236937912714,53500.0,,0.008173985676437187,ok,0.008173985676437187,ok,0.017845075493848006,0.0364058483477413,,magnitude_fano,ok,733,microwave_fano_parameter_recovery_pilot,13.426367648877203,ok,1.0565473521128297,128,0.19240045547485352
532,240,"{""degree"":8,""denominator"":""squared"",""denominator_init_std"":0.05,""epsilon"":0.05,""initialization_mode"":""numerator_scaled"",""numerator_init_std"":0.014433756729740645,""shared_projection"":false,""skip"":true,""units"":12}",undercoupled:r8:p03,2122.720392227173,CFNN,0.041636452081017954,11003,0.07798459394444347,0.0,1587.3015880584717,512,128,"{""key"": ""lr3e-3_wd0"", ""lr"": 0.003, ""weight_decay"": 0.0}",440,ok,0.04523901737457802,56000.0,,0.010842832902204924,ok,0.010842832902204924,ok,0.02234100441164172,0.08458035732519234,,magnitude_fano,ok,751,microwave_fano_parameter_recovery_pilot,11.63845292199403,ok,1.1209273925051093,128,0.20922952890396118
528,800,"{""degree"":8,""depth"":23}",undercoupled:r8:p03,173.71682929992676,Local nested CF control,0.04105890778173987,11003,0.04682699216869372,0.0,244.20024490356445,512,128,"{""key"": ""lr3e-3_wd0"", ""lr"": 0.003, ""weight_decay"": 0.0}",800,ok,0.04430164002185313,60000.0,,0.008332917332940422,ok,0.008332917332940422,ok,0.004016686740258804,0.049127501795854574,,magnitude_fano,ok,719,microwave_fano_parameter_recovery_pilot,17.87331766821444,ok,4.67926777806133,128,0.1866079866886139
528,320,"{""degree"":8,""depth"":23}",undercoupled:r8:p03,720.8574638366699,Local nested CF control,0.04024951709940931,11003,0.03143725468417813,0.0,122.10012245178223,512,128,"{""key"": ""lr3e-3_wd0"", ""lr"": 0.003, ""weight_decay"": 0.0}",520,ok,0.043006835507711234,58000.0,,0.006613567331760261,ok,0.006613567331760261,ok,0.016731321307772343,0.030479009880448577,,magnitude_fano,ok,733,microwave_fano_parameter_recovery_pilot,12.661592926830053,ok,3.360520141199231,128,0.19136200845241547
528,300,"{""degree"":8,""depth"":23}",undercoupled:r8:p03,347.416446685791,Local nested CF control,0.04078607976084277,11003,0.04105988499538956,0.0,732.6007328033447,512,128,"{""key"": ""lr3e-3_wd0"", ""lr"": 0.003, ""weight_decay"": 0.0}",500,ok,0.04369626054368641,58000.0,,0.007244797023898643,ok,0.007244797023898643,ok,0.004029153068953226,0.04281795222033015,,magnitude_fano,ok,751,microwave_fano_parameter_recovery_pilot,12.175472108647227,ok,2.9234996996819973,128,0.20120994746685028
502,780,"{""activation"":""tanh"",""depth"":2,""width"":20}",undercoupled:r8:p03,323.47989082336426,MLP,0.04122091601928687,11003,0.052370018523396115,0.0,122.10012245178223,512,128,"{""key"": ""lr3e-3_wd0"", ""lr"": 0.003, ""weight_decay"": 0.0}",800,ok,0.044654057104863365,52500.0,,0.011126214371217994,ok,0.011126214371217994,ok,0.004727725102025376,0.0552642384100563,,magnitude_fano,ok,719,microwave_fano_parameter_recovery_pilot,13.373662403784692,ok,1.039972740225494,128,0.18812024593353271
502,460,"{""activation"":""tanh"",""depth"":2,""width"":20}",undercoupled:r8:p03,890.7992267608643,MLP,0.040427420849496944,11003,0.048240691461117716,0.0,244.20024490356445,512,128,"{""key"": ""lr3e-3_wd0"", ""lr"": 0.003, ""weight_decay"": 0.0}",660,ok,0.04337565746057461,51500.0,,0.0060256594304093315,ok,0.0060256594304093315,ok,0.01782484647714895,0.04602054405961442,,magnitude_fano,ok,733,microwave_fano_parameter_recovery_pilot,13.28342432808131,ok,1.0029999809339643,128,0.19198006391525269
502,420,"{""activation"":""tanh"",""depth"":2,""width"":20}",undercoupled:r8:p03,1365.8754787445068,MLP,0.041176022990835684,11003,0.0060777177674433925,0.0,1098.9010982513428,512,128,"{""key"": ""lr3e-3_wd0"", ""lr"": 0.003, ""weight_decay"": 0.0}",620,ok,0.04436020934167677,52500.0,,0.0065387226071260875,ok,0.0065387226071260875,ok,0.0062163755173243185,0.006114751885405158,,magnitude_fano,ok,751,microwave_fano_parameter_recovery_pilot,11.764961902052164,ok,0.8704146398231387,128,0.2037001997232437
532,760,"{""degree"":8,""denominator"":""squared"",""denominator_init_std"":0.05,""epsilon"":0.05,""initialization_mode"":""numerator_scaled"",""numerator_init_std"":0.014433756729740645,""shared_projection"":false,""skip"":true,""units"":12}",overcoupled:r1:p23,8098.565191268921,CFNN,0.01185228099211755,11019,0.01763538153093754,0.0,5860.805860519409,512,128,"{""key"": ""lr3e-3_wd0"", ""lr"": 0.003, ""weight_decay"": 0.0}",800,ok,0.017033694522416685,9000.0,,0.014353413025149676,ok,0.014353413025149676,ok,5.792835596614846,0.017331357322403516,,magnitude_fano,ok,719,microwave_fano_parameter_recovery_pilot,11.541515823453665,ok,2.104251692071557,128,0.017430860549211502
532,720,"{""degree"":8,""denominator"":""squared"",""denominator_init_std"":0.05,""epsilon"":0.05,""initialization_mode"":""numerator_scaled"",""numerator_init_std"":0.014433756729740645,""shared_projection"":false,""skip"":true,""units"":12}",overcoupled:r1:p23,3008.6304140090942,CFNN,0.011668721787465041,11019,0.05734254062632175,0.0,732.6007328033447,512,128,"{""key"": ""lr3e-3_wd0"", ""lr"": 0.003, ""weight_decay"": 0.0}",800,ok,0.016677986642726718,15000.0,,0.012958124861960229,ok,0.012958124861960229,ok,0.1199368253719868,0.054233269339366764,,magnitude_fano,ok,733,microwave_fano_parameter_recovery_pilot,14.085101681761444,ok,2.315751721151173,128,0.016420433297753334
532,760,"{""degree"":8,""denominator"":""squared"",""denominator_init_std"":0.05,""epsilon"":0.05,""initialization_mode"":""numerator_scaled"",""numerator_init_std"":0.014433756729740645,""shared_projection"":false,""skip"":true,""units"":12}",overcoupled:r1:p23,10396.077666282654,CFNN,0.012000664256417118,11019,0.006600541526607442,0.0,9523.809523582458,512,128,"{""key"": ""lr3e-3_wd0"", ""lr"": 0.003, ""weight_decay"": 0.0}",800,ok,0.017179531651993474,12000.0,,0.013570139837645422,ok,0.013570139837645422,ok,5.788579986159189,0.006559327142189996,,magnitude_fano,ok,751,microwave_fano_parameter_recovery_pilot,7.879437834955752,ok,2.324046886526048,128,0.019138213247060776
528,800,"{""degree"":8,""depth"":23}",overcoupled:r1:p23,30661.188955307007,Local nested CF control,0.017364133740962507,11019,0.06216162353397781,2210256.410256386,19047.619047164917,512,128,"{""key"": ""lr3e-3_wd0"", ""lr"": 0.003, ""weight_decay"": 0.0}",800,ok,0.02399789259226917,33000.0,,0.014492326786133727,ok,0.014492326786133727,ok,1.721063027155795,0.06627526490577483,,magnitude_fano,ok,719,microwave_fano_parameter_recovery_pilot,22.35183660686016,ok,5.548630786128342,128,0.026620125398039818
528,800,"{""degree"":8,""depth"":23}",overcoupled:r1:p23,29892.647201538086,Local nested CF control,0.018408341546490816,11019,0.05005045422504546,0.0,22710.622710227966,512,128,"{""key"": ""lr3e-3_wd0"", ""lr"": 0.003, ""weight_decay"": 0.0}",800,ok,0.024611953637402612,6000.0,,0.015783777095178305,ok,0.015783777095178305,ok,5.8322116017168995,0.052681188777663125,,magnitude_fano,ok,733,microwave_fano_parameter_recovery_pilot,21.967258499003947,ok,5.191480129957199,128,0.026221992447972298
528,740,"{""degree"":8,""depth"":23}",overcoupled:r1:p23,33187.19997692108,Local nested CF control,0.024169126561026686,11019,0.1105038549755763,0.0,13186.813186645508,512,128,"{""key"": ""lr3e-3_wd0"", ""lr"": 0.003, ""weight_decay"": 0.0}",800,ok,0.03375824000451574,6000.0,,0.01991158697957905,ok,0.01991158697957905,ok,1.7507390267285605,0.0995138348639934,,magnitude_fano,ok,751,microwave_fano_parameter_recovery_pilot,22.342530441470444,ok,5.690576772205532,128,0.034347452223300934
502,800,"{""activation"":""tanh"",""depth"":2,""width"":20}",overcoupled:r1:p23,59301.68966770172,MLP,0.025870784117980303,11019,0.18008393166863823,2126007.3260068893,46886.44688606262,512,128,"{""key"": ""lr3e-3_wd0"", ""lr"": 0.003, ""weight_decay"": 0.0}",800,ok,0.03752562561196985,6000.0,,0.019196439352539108,ok,0.019196439352539108,ok,5.901105737239855,0.2196225560949382,,magnitude_fano,ok,719,microwave_fano_parameter_recovery_pilot,18.50165999867022,ok,1.1064543137326837,128,0.03132346644997597
502,800,"{""activation"":""tanh"",""depth"":2,""width"":20}",overcoupled:r1:p23,40552.56447792053,MLP,0.023654395278002695,11019,0.04208839988385638,0.0,31501.831501960754,512,128,"{""key"": ""lr3e-3_wd0"", ""lr"": 0.003, ""weight_decay"": 0.0}",800,ok,0.03385691032138876,18000.0,,0.020662610034184833,ok,0.020662610034184833,ok,5.841228855692201,0.04392919291392656,,magnitude_fano,ok,733,microwave_fano_parameter_recovery_pilot,16.90501389373094,ok,1.1152476631104946,128,0.030209645628929138
502,800,"{""activation"":""tanh"",""depth"":2,""width"":20}",overcoupled:r1:p23,42324.044483184814,MLP,0.022770052134760358,11019,0.018497248423749876,0.0,30036.630036354065,512,128,"{""key"": ""lr3e-3_wd0"", ""lr"": 0.003, ""weight_decay"": 0.0}",800,ok,0.03296359827053134,12000.0,,0.02133732722626624,ok,0.02133732722626624,ok,5.853963587007746,0.01883721409102226,,magnitude_fano,ok,751,microwave_fano_parameter_recovery_pilot,15.572867508977652,ok,1.037718358449638,128,0.03407811000943184
532,800,"{""degree"":8,""denominator"":""squared"",""denominator_init_std"":0.05,""epsilon"":0.05,""initialization_mode"":""numerator_scaled"",""numerator_init_std"":0.014433756729740645,""shared_projection"":false,""skip"":true,""units"":12}",overcoupled:r3:p25,3952.017084121704,CFNN,0.009666173162266043,11019,0.03847301220345349,0.0,2197.802198410034,512,128,"{""key"": ""lr3e-3_wd0"", ""lr"": 0.003, ""weight_decay"": 0.0}",800,ok,0.011348106320917734,3000.0,,0.00836711593904617,ok,0.00836711593904617,ok,9.437789827475388,0.03704828602539309,,magnitude_fano,ok,719,microwave_fano_parameter_recovery_pilot,5.6516004567965865,ok,1.7132291570305824,128,0.010501572862267494
532,800,"{""degree"":8,""denominator"":""squared"",""denominator_init_std"":0.05,""epsilon"":0.05,""initialization_mode"":""numerator_scaled"",""numerator_init_std"":0.014433756729740645,""shared_projection"":false,""skip"":true,""units"":12}",overcoupled:r3:p25,7120.799805641174,CFNN,0.007746821432017479,11019,0.054427462331469625,0.0,7326.007326126099,512,128,"{""key"": ""lr3e-3_wd0"", ""lr"": 0.003, ""weight_decay"": 0.0}",800,ok,0.009107787999913207,0.0,,0.006638022536503519,ok,0.006638022536503519,ok,9.430845023111067,0.051616942615208786,,magnitude_fano,ok,733,microwave_fano_parameter_recovery_pilot,6.694191878661513,ok,1.7668893747031689,128,0.009641202166676521
532,780,"{""degree"":8,""denominator"":""squared"",""denominator_init_std"":0.05,""epsilon"":0.05,""initialization_mode"":""numerator_scaled"",""numerator_init_std"":0.014433756729740645,""shared_projection"":false,""skip"":true,""units"":12}",overcoupled:r3:p25,1888.917558670044,CFNN,0.009668608704498614,11019,0.0089930783794666,0.0,1465.2014646530151,512,128,"{""key"": ""lr3e-3_wd0"", ""lr"": 0.003, ""weight_decay"": 0.0}",800,ok,0.011329073934382825,9000.0,,0.00712281878442493,ok,0.00712281878442493,ok,9.430316200948575,0.008912623911996079,,magnitude_fano,ok,751,microwave_fano_parameter_recovery_pilot,9.633900861255825,ok,1.6560165919363499,128,0.012195811606943607
528,800,"{""degree"":8,""depth"":23}",overcoupled:r3:p25,95440.56802749634,Local nested CF control,0.017097691398506115,11019,0.2567082339076327,0.0,71794.87179470062,512,128,"{""key"": ""lr3e-3_wd0"", ""lr"": 0.003, ""weight_decay"": 0.0}",800,ok,0.020198302397771272,54000.0,,0.011735651926977219,ok,0.011735651926977219,ok,5.585224312495968,0.3453461469612816,,magnitude_fano,ok,719,microwave_fano_parameter_recovery_pilot,17.19575474411249,ok,3.6869995472952724,128,0.018581418320536613
528,780,"{""degree"":8,""depth"":23}",overcoupled:r3:p25,72979.19645500183,Local nested CF control,0.01721109580676219,11019,0.1393253310390467,0.0,43223.44322395325,512,128,"{""key"": ""lr3e-3_wd0"", ""lr"": 0.003, ""weight_decay"": 0.0}",800,ok,0.01990302123467803,45000.0,,0.012115626783943885,ok,0.012115626783943885,ok,5.449989343074991,0.1618656238086135,,magnitude_fano,ok,733,microwave_fano_parameter_recovery_pilot,18.36095452029258,ok,4.309568403288722,128,0.020485281944274902
528,800,"{""degree"":8,""depth"":23}",overcoupled:r3:p25,72947.43843650818,Local nested CF control,0.01857285035151439,11019,0.1921043837073599,0.0,48351.64835166931,512,128,"{""key"": ""lr3e-3_wd0"", ""lr"": 0.003, ""weight_decay"": 0.0}",800,ok,0.021716074304907566,69000.0,,0.012801040148435942,ok,0.012801040148435942,ok,5.36927420984673,0.2377692068983232,,magnitude_fano,ok,751,microwave_fano_parameter_recovery_pilot,17.898836654610932,ok,4.14213152974844,128,0.021985679864883423
502,800,"{""activation"":""tanh"",""depth"":2,""width"":20}",overcoupled:r3:p25,62499.00940990448,MLP,0.01678799742991556,11019,0.14243395088391106,0.0,49816.849817276,512,128,"{""key"": ""lr3e-3_wd0"", ""lr"": 0.003, ""weight_decay"": 0.0}",800,ok,0.020072602530755976,0.0,,0.012711898881548092,ok,0.012711898881548092,ok,3.78450069637662,0.16607926673208978,,magnitude_fano,ok,719,microwave_fano_parameter_recovery_pilot,6.3883101576939225,ok,0.8574875118210912,128,0.018002018332481384
502,800,"{""activation"":""tanh"",""depth"":2,""width"":20}",overcoupled:r3:p25,51661.85409641266,MLP,0.0202742310930248,11019,0.034458702913041594,0.0,35164.835165023804,512,128,"{""key"": ""lr3e-3_wd0"", ""lr"": 0.003, ""weight_decay"": 0.0}",800,ok,0.0239602911042602,9000.0,,0.014521106645255463,ok,0.014521106645255463,ok,9.504957266615815,0.03567991187755212,,magnitude_fano,ok,733,microwave_fano_parameter_recovery_pilot,10.723121109418571,ok,0.8833160987123847,128,0.024265926331281662
502,800,"{""activation"":""tanh"",""depth"":2,""width"":20}",overcoupled:r3:p25,44896.32618236542,MLP,0.015180038256662143,11019,0.08594993191041217,0.0,33699.633699417114,512,128,"{""key"": ""lr3e-3_wd0"", ""lr"": 0.003, ""weight_decay"": 0.0}",800,ok,0.01781984533147399,15000.0,,0.012972922279564203,ok,0.012972922279564203,ok,3.232580430987084,0.09402410656213288,,magnitude_fano,ok,751,microwave_fano_parameter_recovery_pilot,5.154993431642652,ok,0.8283619182184339,128,0.01858130842447281
532,780,"{""degree"":8,""denominator"":""squared"",""denominator_init_std"":0.05,""epsilon"":0.05,""initialization_mode"":""numerator_scaled"",""numerator_init_std"":0.014433756729740645,""shared_projection"":false,""skip"":true,""units"":12}",undercoupled:r2:p07,483.32258129119873,CFNN,0.02586036187616027,11019,0.011487550706324205,0.0,244.20024394989014,512,128,"{""key"": ""lr3e-3_wd0"", ""lr"": 0.003, ""weight_decay"": 0.0}",800,ok,0.04317644542304335,2000.0,,0.010596091000362988,ok,0.010596091000362988,ok,0.008145902329113906,0.011620961451421772,,magnitude_fano,ok,719,microwave_fano_parameter_recovery_pilot,13.615378389135003,ok,1.6365336459130049,128,0.05621826648712158
532,720,"{""degree"":8,""denominator"":""squared"",""denominator_init_std"":0.05,""epsilon"":0.05,""initialization_mode"":""numerator_scaled"",""numerator_init_std"":0.014433756729740645,""shared_projection"":false,""skip"":true,""units"":12}",undercoupled:r2:p07,533.9167032241821,CFNN,0.02728133647013848,11019,0.0035138962361000205,0.0,244.20024394989014,512,128,"{""key"": ""lr3e-3_wd0"", ""lr"": 0.003, ""weight_decay"": 0.0}",800,ok,0.04553996227908557,2000.0,,0.0076925330936845025,ok,0.0076925330936845025,ok,0.012908343804091817,0.003526192306483955,,magnitude_fano,ok,733,microwave_fano_parameter_recovery_pilot,13.388754770159721,ok,1.6334667848423123,128,0.059046708047389984
532,680,"{""degree"":8,""denominator"":""squared"",""denominator_init_std"":0.05,""epsilon"":0.05,""initialization_mode"":""numerator_scaled"",""numerator_init_std"":0.014433756729740645,""shared_projection"":false,""skip"":true,""units"":12}",undercoupled:r2:p07,1234.0999555587769,CFNN,0.025454261851418594,11019,0.00205720730462788,0.0,976.8009767532349,512,128,"{""key"": ""lr3e-3_wd0"", ""lr"": 0.003, ""weight_decay"": 0.0}",800,ok,0.041961875662458806,4000.0,,0.009540984510028284,ok,0.009540984510028284,ok,41.392987612206966,0.0020527656727192213,,magnitude_fano,ok,751,microwave_fano_parameter_recovery_pilot,13.823052762076259,ok,1.514883910305798,128,0.05390741676092148
528,800,"{""degree"":8,""depth"":23}",undercoupled:r2:p07,675.205379486084,Local nested CF control,0.02495403998224363,11019,0.00040143293822410004,0.0,488.4004878997803,512,128,"{""key"": ""lr3e-3_wd0"", ""lr"": 0.003, ""weight_decay"": 0.0}",800,ok,0.041714014247299196,2000.0,,0.01094615414905956,ok,0.01094615414905956,ok,0.007941458023616902,0.000401474465188559,,magnitude_fano,ok,719,microwave_fano_parameter_recovery_pilot,16.37926710676402,ok,4.0331567553803325,128,0.054184891283512115
528,780,"{""degree"":8,""depth"":23}",undercoupled:r2:p07,728.415397644043,Local nested CF control,0.02561478491686247,11019,0.04015815583923125,0.0,488.4004878997803,512,128,"{""key"": ""lr3e-3_wd0"", ""lr"": 0.003, ""weight_decay"": 0.0}",800,ok,0.043106948630028966,2000.0,,0.007382092107914591,ok,0.007382092107914591,ok,0.007104854114396276,0.03860786427531536,,magnitude_fano,ok,733,microwave_fano_parameter_recovery_pilot,16.021950704045594,ok,3.9702546782791615,128,0.05302348732948303
528,780,"{""degree"":8,""depth"":23}",undercoupled:r2:p07,1461.710165977478,Local nested CF control,0.02591342751427979,11019,0.028772291652719953,0.0,1221.001220703125,512,128,"{""key"": ""lr3e-3_wd0"", ""lr"": 0.003, ""weight_decay"": 0.0}",800,ok,0.04366195694076031,3000.0,,0.008452071312173784,ok,0.008452071312173784,ok,49.81627212961755,0.027967347963258983,,magnitude_fano,ok,751,microwave_fano_parameter_recovery_pilot,17.01889238320291,ok,3.832315127365291,128,0.05911719799041748
502,800,"{""activation"":""tanh"",""depth"":2,""width"":20}",undercoupled:r2:p07,369.2984800338745,MLP,0.02550380938461622,11019,0.0340935660167615,0.0,122.10012245178223,512,128,"{""key"": ""lr3e-3_wd0"", ""lr"": 0.003, ""weight_decay"": 0.0}",800,ok,0.042369013608561185,2000.0,,0.008051751237779162,ok,0.008051751237779162,ok,0.0057805222827317475,0.03529689769329477,,magnitude_fano,ok,719,microwave_fano_parameter_recovery_pilot,11.337976003065705,ok,0.8678800221532583,128,0.05495500564575195
502,800,"{""activation"":""tanh"",""depth"":2,""width"":20}",undercoupled:r2:p07,447.2471857070923,MLP,0.027797929525548166,11019,0.011117077507129878,0.0,122.10012245178223,512,128,"{""key"": ""lr3e-3_wd0"", ""lr"": 0.003, ""weight_decay"": 0.0}",800,ok,0.04696039379830245,1500.0,,0.005212769797618597,ok,0.005212769797618597,ok,0.009720394642815515,0.011241976180952445,,magnitude_fano,ok,733,microwave_fano_parameter_recovery_pilot,12.996487208642066,ok,0.8665317296981812,128,0.059476952999830246
502,800,"{""activation"":""tanh"",""depth"":2,""width"":20}",undercoupled:r2:p07,1262.8914785385132,MLP,0.025702411916465755,11019,0.018990943754527805,0.0,1221.001220703125,512,128,"{""key"": ""lr3e-3_wd0"", ""lr"": 0.003, ""weight_decay"": 0.0}",800,ok,0.042507051944098484,3500.0,,0.007366127649447534,ok,0.007366127649447534,ok,0.006527420960536972,0.01935880958743418,,magnitude_fano,ok,751,microwave_fano_parameter_recovery_pilot,12.58924638852477,ok,0.8838165160268545,128,0.05645707994699478
532,800,"{""degree"":8,""denominator"":""squared"",""denominator_init_std"":0.05,""epsilon"":0.05,""initialization_mode"":""numerator_scaled"",""numerator_init_std"":0.014433756729740645,""shared_projection"":false,""skip"":true,""units"":12}",undercoupled:r5:p04,552.1458501815796,CFNN,0.02420779677789796,11019,0.02300038158592866,0.0,488.4004878997803,512,128,"{""key"": ""lr3e-3_wd0"", ""lr"": 0.003, ""weight_decay"": 0.0}",800,ok,0.02969362426760144,5500.0,,0.005420396323234698,ok,0.005420396323234698,ok,0.0010501532698942435,0.0235419288591042,,magnitude_fano,ok,719,microwave_fano_parameter_recovery_pilot,18.54266701079905,ok,1.8060218654572964,128,0.04544711858034134
532,240,"{""degree"":8,""denominator"":""squared"",""denominator_init_std"":0.05,""epsilon"":0.05,""initialization_mode"":""numerator_scaled"",""numerator_init_std"":0.014433756729740645,""shared_projection"":false,""skip"":true,""units"":12}",undercoupled:r5:p04,820.0484161376953,CFNN,0.02551060614666749,11019,0.02170008614220998,0.0,488.4004888534546,512,128,"{""key"": ""lr3e-3_wd0"", ""lr"": 0.003, ""weight_decay"": 0.0}",440,ok,0.031251376251838374,6500.0,,0.006736699024507736,ok,0.006736699024507736,ok,0.013909896253979632,0.02218131274420519,,magnitude_fano,ok,733,microwave_fano_parameter_recovery_pilot,16.30322171933949,ok,0.9547131238505244,128,0.04333071783185005
532,800,"{""degree"":8,""denominator"":""squared"",""denominator_init_std"":0.05,""epsilon"":0.05,""initialization_mode"":""numerator_scaled"",""numerator_init_std"":0.014433756729740645,""shared_projection"":false,""skip"":true,""units"":12}",undercoupled:r5:p04,48.503278732299805,CFNN,0.02457468761660462,11019,0.02657296102974361,0.0,0.0,512,128,"{""key"": ""lr3e-3_wd0"", ""lr"": 0.003, ""weight_decay"": 0.0}",800,ok,0.03058119956485258,5500.0,,0.006484271611266617,ok,0.006484271611266617,ok,0.0017058358632019482,0.027298365938036764,,magnitude_fano,ok,751,microwave_fano_parameter_recovery_pilot,17.37085818592459,ok,1.68188651278615,128,0.04571251571178436
528,700,"{""degree"":8,""depth"":23}",undercoupled:r5:p04,1025.0495901107788,Local nested CF control,0.0252432013672819,11019,0.008659088416599707,0.0,976.8009767532349,512,128,"{""key"": ""lr3e-3_wd0"", ""lr"": 0.003, ""weight_decay"": 0.0}",800,ok,0.03211917985371324,8000.0,,0.006178440768034888,ok,0.006178440768034888,ok,7.110938207611074e-05,0.008584616223038546,,magnitude_fano,ok,719,microwave_fano_parameter_recovery_pilot,19.998662841506302,ok,3.824227487668395,128,0.04621034860610962
528,800,"{""degree"":8,""depth"":23}",undercoupled:r5:p04,392.5198574066162,Local nested CF control,0.024168410027349544,11019,0.01019063360986594,0.0,244.20024394989014,512,128,"{""key"": ""lr3e-3_wd0"", ""lr"": 0.003, ""weight_decay"": 0.0}",800,ok,0.029656966694121035,8500.0,,0.005418945668241635,ok,0.005418945668241635,ok,0.007120256337944344,0.010087884231775215,,magnitude_fano,ok,733,microwave_fano_parameter_recovery_pilot,21.447849875316024,ok,4.633929858915508,128,0.04343380406498909
528,760,"{""degree"":8,""depth"":23}",undercoupled:r5:p04,694.3961477279663,Local nested CF control,0.02573234716929582,11019,0.005281715220236135,0.0,366.30036640167236,512,128,"{""key"": ""lr3e-3_wd0"", ""lr"": 0.003, ""weight_decay"": 0.0}",800,ok,0.03338759134817126,2000.0,,0.005191466003479422,ok,0.005191466003479422,ok,0.01358167325957482,0.005309666394175214,,magnitude_fano,ok,751,microwave_fano_parameter_recovery_pilot,20.677705622278154,ok,4.295373782515526,128,0.0494387149810791
502,800,"{""activation"":""tanh"",""depth"":2,""width"":20}",undercoupled:r5:p04,582.8387031555176,MLP,0.0241843435030081,11019,0.026961346602579574,0.0,610.5006103515625,512,128,"{""key"": ""lr3e-3_wd0"", ""lr"": 0.003, ""weight_decay"": 0.0}",800,ok,0.029725636820084066,4000.0,,0.004043459731171004,ok,0.004043459731171004,ok,0.0020445479584328408,0.027708482642512654,,magnitude_fano,ok,719,microwave_fano_parameter_recovery_pilot,18.583080675452948,ok,1.2484723841771483,128,0.04308918118476868
502,680,"{""activation"":""tanh"",""depth"":2,""width"":20}",undercoupled:r5:p04,385.7540063858032,MLP,0.023655712743288163,11019,0.02326487004561421,0.0,244.20024394989014,512,128,"{""key"": ""lr3e-3_wd0"", ""lr"": 0.003, ""weight_decay"": 0.0}",800,ok,0.02831195697325653,5500.0,,0.0034098442611622194,ok,0.0034098442611622194,ok,0.007790061635309605,0.0238189634876329,,magnitude_fano,ok,733,microwave_fano_parameter_recovery_pilot,19.09136731363833,ok,1.1468387506902218,128,0.04095107316970825
502,800,"{""activation"":""tanh"",""depth"":2,""width"":20}",undercoupled:r5:p04,107.70743083953857,MLP,0.024110460997667022,11019,0.015784992981639365,0.0,0.0,512,128,"{""key"": ""lr3e-3_wd0"", ""lr"": 0.003, ""weight_decay"": 0.0}",800,ok,0.0298169905386142,5000.0,,0.0033395383630101354,ok,0.0033395383630101354,ok,0.005451649542663562,0.016038140495988066,,magnitude_fano,ok,751,microwave_fano_parameter_recovery_pilot,18.187990128062665,ok,0.9962292844429612,128,0.04483873397111893
532,260,"{""degree"":8,""denominator"":""squared"",""denominator_init_std"":0.05,""epsilon"":0.05,""initialization_mode"":""numerator_scaled"",""numerator_init_std"":0.014433756729740645,""shared_projection"":false,""skip"":true,""units"":12}",undercoupled:r8:p03,264.38363456726074,CFNN,0.04130550299651995,11019,0.04694624543885798,0.0,244.20024490356445,512,128,"{""key"": ""lr3e-3_wd0"", ""lr"": 0.003, ""weight_decay"": 0.0}",460,ok,0.04456255862628035,52000.0,,0.01033134666845636,ok,0.01033134666845636,ok,0.006781778616794645,0.049258785565385876,,magnitude_fano,ok,719,microwave_fano_parameter_recovery_pilot,11.796458681114018,ok,1.4699326334521174,128,0.18791532516479492
532,380,"{""degree"":8,""denominator"":""squared"",""denominator_init_std"":0.05,""epsilon"":0.05,""initialization_mode"":""numerator_scaled"",""numerator_init_std"":0.014433756729740645,""shared_projection"":false,""skip"":true,""units"":12}",undercoupled:r8:p03,1055.5301189422607,CFNN,0.041083981925249924,11019,0.030105686906651146,0.0,488.4004878997803,512,128,"{""key"": ""lr3e-3_wd0"", ""lr"": 0.003, ""weight_decay"": 0.0}",580,ok,0.04436362925408839,53000.0,,0.008409636893481441,ok,0.008409636893481441,ok,0.014439742498904298,0.029225726177524905,,magnitude_fano,ok,733,microwave_fano_parameter_recovery_pilot,15.976898740045726,ok,2.264215792529285,128,0.19263958930969238
532,320,"{""degree"":8,""denominator"":""squared"",""denominator_init_std"":0.05,""epsilon"":0.05,""initialization_mode"":""numerator_scaled"",""numerator_init_std"":0.014433756729740645,""shared_projection"":false,""skip"":true,""units"":12}",undercoupled:r8:p03,1911.7587356567383,CFNN,0.04140495584137262,11019,0.08548827545463107,0.0,976.8009757995605,512,128,"{""key"": ""lr3e-3_wd0"", ""lr"": 0.003, ""weight_decay"": 0.0}",520,ok,0.044758095969547836,55000.0,,0.011532173261707067,ok,0.011532173261707067,ok,0.031904837946325385,0.09347949483746489,,magnitude_fano,ok,751,microwave_fano_parameter_recovery_pilot,13.732537603005767,ok,1.7783436952158809,128,0.20787110924720764
528,540,"{""degree"":8,""depth"":23}",undercoupled:r8:p03,275.32089614868164,Local nested CF control,0.0409211953606861,11019,0.0515195445222729,0.0,366.30036544799805,512,128,"{""key"": ""lr3e-3_wd0"", ""lr"": 0.003, ""weight_decay"": 0.0}",740,ok,0.04389086524848378,53500.0,,0.0076095529491282425,ok,0.0076095529491282425,ok,0.009697723296351421,0.0543180097723764,,magnitude_fano,ok,719,microwave_fano_parameter_recovery_pilot,17.460136582143605,ok,4.682259893044829,128,0.18504253029823303
528,400,"{""degree"":8,""depth"":23}",undercoupled:r8:p03,1458.701732635498,Local nested CF control,0.04032476458382683,11019,0.03061451985593645,0.0,488.4004878997803,512,128,"{""key"": ""lr3e-3_wd0"", ""lr"": 0.003, ""weight_decay"": 0.0}",600,ok,0.04331283398147258,53500.0,,0.0052336979634611,ok,0.0052336979634611,ok,0.024984771656088353,0.029704977796176753,,magnitude_fano,ok,733,microwave_fano_parameter_recovery_pilot,16.151164737530053,ok,3.4821924045681953,128,0.1916344314813614
528,300,"{""degree"":8,""depth"":23}",undercoupled:r8:p03,99.99484443664551,Local nested CF control,0.04105687198003487,11019,0.03362894393201984,0.0,488.4004878997803,512,128,"{""key"": ""lr3e-3_wd0"", ""lr"": 0.003, ""weight_decay"": 0.0}",500,ok,0.0443735632027865,55500.0,,0.006360542740528233,ok,0.006360542740528233,ok,0.005728532061674146,0.034799194607076506,,magnitude_fano,ok,751,microwave_fano_parameter_recovery_pilot,17.698551012203097,ok,4.069065460935235,128,0.20213669538497925
502,720,"{""activation"":""tanh"",""depth"":2,""width"":20}",undercoupled:r8:p03,60.15077209472656,MLP,0.04125071667024032,11019,0.04074111565610295,0.0,244.20024490356445,512,128,"{""key"": ""lr3e-3_wd0"", ""lr"": 0.003, ""weight_decay"": 0.0}",800,ok,0.04467275238469489,52500.0,,0.010305278757243476,ok,0.010305278757243476,ok,0.0028199409809419596,0.04247145585951865,,magnitude_fano,ok,719,microwave_fano_parameter_recovery_pilot,14.88401199504733,ok,1.2637436604127288,128,0.1872612088918686
502,460,"{""activation"":""tanh"",""depth"":2,""width"":20}",undercoupled:r8:p03,138.11029815673828,MLP,0.04058378694368591,11019,0.02567973300559155,0.0,366.30036544799805,512,128,"{""key"": ""lr3e-3_wd0"", ""lr"": 0.003, ""weight_decay"": 0.0}",660,ok,0.04358555761180107,51000.0,,0.005860608292609714,ok,0.005860608292609714,ok,0.005100267031009353,0.025036807578002904,,magnitude_fano,ok,733,microwave_fano_parameter_recovery_pilot,14.609577170573175,ok,0.9721854506060481,128,0.19283415377140045
502,340,"{""activation"":""tanh"",""depth"":2,""width"":20}",undercoupled:r8:p03,2043.784128189087,MLP,0.0417786232214915,11019,0.005724749991985297,0.0,1465.2014656066895,512,128,"{""key"": ""lr3e-3_wd0"", ""lr"": 0.003, ""weight_decay"": 0.0}",540,ok,0.045277190609458264,51000.0,,0.005834077012881023,ok,0.005834077012881023,ok,0.015109188152026776,0.005757516383781847,,magnitude_fano,ok,751,microwave_fano_parameter_recovery_pilot,14.73795942030847,ok,0.825194276869297,128,0.2043847292661667
532,760,"{""degree"":8,""denominator"":""squared"",""denominator_init_std"":0.05,""epsilon"":0.05,""initialization_mode"":""numerator_scaled"",""numerator_init_std"":0.014433756729740645,""shared_projection"":false,""skip"":true,""units"":12}",overcoupled:r1:p23,22395.644728660583,CFNN,0.01997999272473183,11027,0.014054291727371297,0.0,15384.615384101868,512,128,"{""key"": ""lr3e-3_wd0"", ""lr"": 0.003, ""weight_decay"": 0.0}",800,ok,0.0289030213063713,3000.0,,0.01918965154666182,ok,0.01918965154666182,ok,0.9198733075145578,0.013863926445139228,,magnitude_fano,ok,719,microwave_fano_parameter_recovery_pilot,14.615859287790954,ok,3.7916489420458674,128,0.02772331051528454
532,700,"{""degree"":8,""denominator"":""squared"",""denominator_init_std"":0.05,""epsilon"":0.05,""initialization_mode"":""numerator_scaled"",""numerator_init_std"":0.014433756729740645,""shared_projection"":false,""skip"":true,""units"":12}",overcoupled:r1:p23,12091.432928085327,CFNN,0.01860962707030577,11027,0.08089443150168019,0.0,5128.205127716064,512,128,"{""key"": ""lr3e-3_wd0"", ""lr"": 0.003, ""weight_decay"": 0.0}",800,ok,0.026836770060917454,3000.0,,0.015994239084624905,ok,0.015994239084624905,ok,0.6593440873066898,0.0748425093036713,,magnitude_fano,ok,733,microwave_fano_parameter_recovery_pilot,18.060281633399427,ok,2.657810823060572,128,0.02423921227455139
532,780,"{""degree"":8,""denominator"":""squared"",""denominator_init_std"":0.05,""epsilon"":0.05,""initialization_mode"":""numerator_scaled"",""numerator_init_std"":0.014433756729740645,""shared_projection"":false,""skip"":true,""units"":12}",overcoupled:r1:p23,18098.046401023865,CFNN,0.02096965431221366,11027,0.10110468183753123,0.0,8058.608058929443,512,128,"{""key"": ""lr3e-3_wd0"", ""lr"": 0.003, ""weight_decay"": 0.0}",800,ok,0.03007205933134905,3000.0,,0.020066568605806086,ok,0.020066568605806086,ok,0.8920853118214378,0.09182442482119393,,magnitude_fano,ok,751,microwave_fano_parameter_recovery_pilot,15.746414916589856,ok,2.978769009001553,128,0.03316298872232437
528,800,"{""degree"":8,""depth"":23}",overcoupled:r1:p23,23678.21107006073,Local nested CF control,0.022471906188111086,11027,0.025734525049060392,0.0,15384.615384101868,512,128,"{""key"": ""lr3e-3_wd0"", ""lr"": 0.003, ""weight_decay"": 0.0}",800,ok,0.03142754059031006,18000.0,,0.018389110144940917,ok,0.018389110144940917,ok,1.2744974579186286,0.026409419841272076,,magnitude_fano,ok,719,microwave_fano_parameter_recovery_pilot,9.557852790690958,ok,4.838310206308961,128,0.027717672288417816
528,800,"{""degree"":8,""depth"":23}",overcoupled:r1:p23,56991.65199947357,Local nested CF control,0.02663391366246502,11027,0.08060162811613068,2188278.3882780075,41758.24175834656,512,128,"{""key"": ""lr3e-3_wd0"", ""lr"": 0.003, ""weight_decay"": 0.0}",800,ok,0.037843129286500396,15000.0,,0.016494123924994,ok,0.016494123924994,ok,2.0566390547006943,0.08765538852972059,,magnitude_fano,ok,733,microwave_fano_parameter_recovery_pilot,19.125706888735294,ok,4.432175438851118,128,0.03585208207368851
528,800,"{""degree"":8,""depth"":23}",overcoupled:r1:p23,50325.224303245544,Local nested CF control,0.02542389068476823,11027,0.047637805936298704,0.0,29304.02930355072,512,128,"{""key"": ""lr3e-3_wd0"", ""lr"": 0.003, ""weight_decay"": 0.0}",800,ok,0.03678776417924245,12000.0,,0.019430938550028365,ok,0.019430938550028365,ok,5.880786919774822,0.04548125127477618,,magnitude_fano,ok,751,microwave_fano_parameter_recovery_pilot,9.86185697093606,ok,3.814018097706139,128,0.03959716111421585
502,800,"{""activation"":""tanh"",""depth"":2,""width"":20}",overcoupled:r1:p23,55943.44375514984,MLP,0.023665396344219138,11027,0.14313974981000163,2146520.146519661,42490.8424911499,512,128,"{""key"": ""lr3e-3_wd0"", ""lr"": 0.003, ""weight_decay"": 0.0}",800,ok,0.033943368874966184,3000.0,,0.019210467677015283,ok,0.019210467677015283,ok,2.1775885616271546,0.16703838573119695,,magnitude_fano,ok,719,microwave_fano_parameter_recovery_pilot,16.054522476159036,ok,0.9423134252429008,128,0.028157465159893036
502,800,"{""activation"":""tanh"",""depth"":2,""width"":20}",overcoupled:r1:p23,41442.23500442505,MLP,0.021498870925052805,11027,0.026343914835704023,0.0,30769.23076915741,512,128,"{""key"": ""lr3e-3_wd0"", ""lr"": 0.003, ""weight_decay"": 0.0}",800,ok,0.030387082755494142,15000.0,,0.018567718750121327,ok,0.018567718750121327,ok,5.8484069197866155,0.02704817518801891,,magnitude_fano,ok,733,microwave_fano_parameter_recovery_pilot,15.508341827429831,ok,0.8673609839752316,128,0.02766699716448784
502,800,"{""activation"":""tanh"",""depth"":2,""width"":20}",overcoupled:r1:p23,41753.151270866394,MLP,0.02115851973939173,11027,0.009574413740938583,0.0,27838.827838897705,512,128,"{""key"": ""lr3e-3_wd0"", ""lr"": 0.003, ""weight_decay"": 0.0}",800,ok,0.030293081769506187,9000.0,,0.01981332382403283,ok,0.01981332382403283,ok,5.859175667445693,0.009658531820973018,,magnitude_fano,ok,751,microwave_fano_parameter_recovery_pilot,16.575221405364573,ok,0.8378098998218775,128,0.032016485929489136
532,800,"{""degree"":8,""denominator"":""squared"",""denominator_init_std"":0.05,""epsilon"":0.05,""initialization_mode"":""numerator_scaled"",""numerator_init_std"":0.014433756729740645,""shared_projection"":false,""skip"":true,""units"":12}",overcoupled:r3:p25,121151.37436103821,CFNN,0.025335189939239514,11027,0.3728221828579082,0.0,102564.10256385803,512,128,"{""key"": ""lr3e-3_wd0"", ""lr"": 0.003, ""weight_decay"": 0.0}",800,ok,0.03014223773028451,27000.0,,0.014003032501831157,ok,0.014003032501831157,ok,5.751187321673316,0.5944132082302278,,magnitude_fano,ok,719,microwave_fano_parameter_recovery_pilot,8.584118688479066,ok,1.6928305365145206,128,0.027314476668834686
532,780,"{""degree"":8,""denominator"":""squared"",""denominator_init_std"":0.05,""epsilon"":0.05,""initialization_mode"":""numerator_scaled"",""numerator_init_std"":0.014433756729740645,""shared_projection"":false,""skip"":true,""units"":12}",overcoupled:r3:p25,53251.28115653992,CFNN,0.014805589650856944,11027,0.1923732231994871,0.0,43223.44322299957,512,128,"{""key"": ""lr3e-3_wd0"", ""lr"": 0.003, ""weight_decay"": 0.0}",800,ok,0.01753664183761826,12000.0,,0.011195390244897865,ok,0.011195390244897865,ok,9.383133734020284,0.161329263660312,,magnitude_fano,ok,733,microwave_fano_parameter_recovery_pilot,12.685105331242085,ok,1.6288097966462374,128,0.016389792785048485
532,800,"{""degree"":8,""denominator"":""squared"",""denominator_init_std"":0.05,""epsilon"":0.05,""initialization_mode"":""numerator_scaled"",""numerator_init_std"":0.014433756729740645,""shared_projection"":false,""skip"":true,""units"":12}",overcoupled:r3:p25,19580.558674812317,CFNN,0.015006079705468703,11027,0.018580862550364084,0.0,9523.809523582458,512,128,"{""key"": ""lr3e-3_wd0"", ""lr"": 0.003, ""weight_decay"": 0.0}",800,ok,0.018029807347820125,30000.0,,0.01079798583879801,ok,0.01079798583879801,ok,9.475542657556893,0.01892945193765542,,magnitude_fano,ok,751,microwave_fano_parameter_recovery_pilot,7.248511364683509,ok,1.5453397827222943,128,0.01800351031124592
528,800,"{""degree"":8,""depth"":23}",overcoupled:r3:p25,109642.09457397461,Local nested CF control,0.026768851934341427,11027,0.42628129369614304,2178021.9780216217,84249.08424949646,512,128,"{""key"": ""lr3e-3_wd0"", ""lr"": 0.003, ""weight_decay"": 0.0}",800,ok,0.03175594364551874,0.0,,0.014481656122153382,ok,0.014481656122153382,ok,6.457168294392982,0.7429838490160042,,magnitude_fano,ok,719,microwave_fano_parameter_recovery_pilot,6.748982052318752,ok,3.838329662568867,128,0.029606901109218597
528,800,"{""degree"":8,""depth"":23}",overcoupled:r3:p25,117254.66379070282,Local nested CF control,0.026776852490341552,11027,0.29754705471943066,0.0,82783.88278388977,512,128,"{""key"": ""lr3e-3_wd0"", ""lr"": 0.003, ""weight_decay"": 0.0}",800,ok,0.031660281807667535,6000.0,,0.010090728062712547,ok,0.010090728062712547,ok,6.389340901364928,0.42355616330284795,,magnitude_fano,ok,733,microwave_fano_parameter_recovery_pilot,11.599769430235028,ok,3.7903032591566443,128,0.03392157703638077
528,800,"{""degree"":8,""depth"":23}",overcoupled:r3:p25,82404.86511421204,Local nested CF control,0.023067066468847913,11027,0.3359121802414528,0.0,64468.864468574524,512,128,"{""key"": ""lr3e-3_wd0"", ""lr"": 0.003, ""weight_decay"": 0.0}",800,ok,0.02732100860774482,18000.0,,0.01269207290344511,ok,0.01269207290344511,ok,9.589519788609557,0.505805063300323,,magnitude_fano,ok,751,microwave_fano_parameter_recovery_pilot,12.903554909862578,ok,3.9101766999810934,128,0.029379654675722122
502,800,"{""activation"":""tanh"",""depth"":2,""width"":20}",overcoupled:r3:p25,109761.96121692657,MLP,0.017680999206728644,11027,0.27434311046509513,0.0,85714.28571414948,512,128,"{""key"": ""lr3e-3_wd0"", ""lr"": 0.003, ""weight_decay"": 0.0}",800,ok,0.021217852044868413,0.0,,0.005809681664795221,ok,0.005809681664795221,ok,9.602816400174627,0.37803751909284494,,magnitude_fano,ok,719,microwave_fano_parameter_recovery_pilot,7.290797042660415,ok,0.8853186191990972,128,0.017288321629166603
502,800,"{""activation"":""tanh"",""depth"":2,""width"":20}",overcoupled:r3:p25,75667.87738513947,MLP,0.015805366457957264,11027,0.10229623834730263,0.0,47619.04761886597,512,128,"{""key"": ""lr3e-3_wd0"", ""lr"": 0.003, ""weight_decay"": 0.0}",800,ok,0.018615271231736896,3000.0,,0.009017988849348832,ok,0.009017988849348832,ok,9.570058689288784,0.1139397240242195,,magnitude_fano,ok,733,microwave_fano_parameter_recovery_pilot,5.219535429030657,ok,0.839033704251051,128,0.02027757093310356
502,800,"{""activation"":""tanh"",""depth"":2,""width"":20}",overcoupled:r3:p25,79284.43488883972,MLP,0.014143838529184544,11027,0.2267882881725965,0.0,57142.8571434021,512,128,"{""key"": ""lr3e-3_wd0"", ""lr"": 0.003, ""weight_decay"": 0.0}",800,ok,0.016773572341024338,21000.0,,0.006715244931318852,ok,0.006715244931318852,ok,9.57644325418771,0.29329042222440527,,magnitude_fano,ok,751,microwave_fano_parameter_recovery_pilot,7.154564261436462,ok,0.9239995023235679,128,0.016408072784543037
532,760,"{""degree"":8,""denominator"":""squared"",""denominator_init_std"":0.05,""epsilon"":0.05,""initialization_mode"":""numerator_scaled"",""numerator_init_std"":0.014433756729740645,""shared_projection"":false,""skip"":true,""units"":12}",undercoupled:r2:p07,516.4342670440674,CFNN,0.025330966583829644,11027,0.013512769952007836,0.0,244.20024394989014,512,128,"{""key"": ""lr3e-3_wd0"", ""lr"": 0.003, ""weight_decay"": 0.0}",800,ok,0.04199129252412993,2500.0,,0.010170811244949634,ok,0.010170811244949634,ok,0.008154605594876407,0.013697773305726486,,magnitude_fano,ok,719,microwave_fano_parameter_recovery_pilot,10.710800533182919,ok,1.6664028195664287,128,0.054016172885894775
532,720,"{""degree"":8,""denominator"":""squared"",""denominator_init_std"":0.05,""epsilon"":0.05,""initialization_mode"":""numerator_scaled"",""numerator_init_std"":0.014433756729740645,""shared_projection"":false,""skip"":true,""units"":12}",undercoupled:r2:p07,560.3349094390869,CFNN,0.026931535225778562,11027,0.003900774266716698,0.0,244.20024394989014,512,128,"{""key"": ""lr3e-3_wd0"", ""lr"": 0.003, ""weight_decay"": 0.0}",800,ok,0.04544199172071623,2000.0,,0.007689376755060275,ok,0.007689376755060275,ok,0.011659251461112196,0.0038857162492355636,,magnitude_fano,ok,733,microwave_fano_parameter_recovery_pilot,12.584996839985251,ok,1.5851882491260767,128,0.058221906423568726
532,380,"{""degree"":8,""denominator"":""squared"",""denominator_init_std"":0.05,""epsilon"":0.05,""initialization_mode"":""numerator_scaled"",""numerator_init_std"":0.014433756729740645,""shared_projection"":false,""skip"":true,""units"":12}",undercoupled:r2:p07,1258.5416440963745,CFNN,0.02639672820852572,11027,0.005805874686006351,0.0,1098.901099205017,512,128,"{""key"": ""lr3e-3_wd0"", ""lr"": 0.003, ""weight_decay"": 0.0}",580,ok,0.04403645407112045,4000.0,,0.011048717126471009,ok,0.011048717126471009,ok,0.009715052710788083,0.005840004015626338,,magnitude_fano,ok,751,microwave_fano_parameter_recovery_pilot,12.785226073116064,ok,1.1658649407327175,128,0.05731992423534393
528,800,"{""degree"":8,""depth"":23}",undercoupled:r2:p07,557.843090057373,Local nested CF control,0.026377105841755552,11027,0.022581722947604927,0.0,244.20024394989014,512,128,"{""key"": ""lr3e-3_wd0"", ""lr"": 0.003, ""weight_decay"": 0.0}",800,ok,0.04392664748455835,3000.0,,0.013340254786806,ok,0.013340254786806,ok,0.01106111264475887,0.023103337265958108,,magnitude_fano,ok,719,microwave_fano_parameter_recovery_pilot,14.895482176914811,ok,3.943292404524982,128,0.05571985989809036
528,800,"{""degree"":8,""depth"":23}",undercoupled:r2:p07,798.4342451095581,Local nested CF control,0.02889129944278622,11027,0.01045334026117509,0.0,488.4004878997803,512,128,"{""key"": ""lr3e-3_wd0"", ""lr"": 0.003, ""weight_decay"": 0.0}",800,ok,0.04964818903122185,2500.0,,0.009734774089832397,ok,0.009734774089832397,ok,0.009630659227764751,0.010563623943898915,,magnitude_fano,ok,733,microwave_fano_parameter_recovery_pilot,14.641789830289781,ok,4.226861531846225,128,0.06021798402070999
528,780,"{""degree"":8,""depth"":23}",undercoupled:r2:p07,948.0809650421143,Local nested CF control,0.02632670324202229,11027,0.005116875283234134,0.0,854.7008543014526,512,128,"{""key"": ""lr3e-3_wd0"", ""lr"": 0.003, ""weight_decay"": 0.0}",800,ok,0.04405608787686324,5000.0,,0.012993211778342275,ok,0.012993211778342275,ok,0.006058277156153823,0.00514336120939513,,magnitude_fano,ok,751,microwave_fano_parameter_recovery_pilot,14.85944220609963,ok,3.8164418879896402,128,0.05525243282318115
502,800,"{""activation"":""tanh"",""depth"":2,""width"":20}",undercoupled:r2:p07,358.1008939743042,MLP,0.02520541412767983,11027,0.016001579409228334,0.0,244.20024394989014,512,128,"{""key"": ""lr3e-3_wd0"", ""lr"": 0.003, ""weight_decay"": 0.0}",800,ok,0.04169642477654387,2500.0,,0.009719927050776778,ok,0.009719927050776778,ok,0.004768623666258572,0.01626172931104532,,magnitude_fano,ok,719,microwave_fano_parameter_recovery_pilot,8.607264790683985,ok,0.8281134283170104,128,0.05313856527209282
502,800,"{""activation"":""tanh"",""depth"":2,""width"":20}",undercoupled:r2:p07,430.55810356140137,MLP,0.027178129297415796,11027,0.0031665643021680985,0.0,244.20024394989014,512,128,"{""key"": ""lr3e-3_wd0"", ""lr"": 0.003, ""weight_decay"": 0.0}",800,ok,0.0459165967283308,2000.0,,0.006548825745756083,ok,0.006548825745756083,ok,0.008328174603539025,0.003156644872812967,,magnitude_fano,ok,733,microwave_fano_parameter_recovery_pilot,10.538988852873445,ok,0.8705107532441616,128,0.058048147708177567
502,800,"{""activation"":""tanh"",""depth"":2,""width"":20}",undercoupled:r2:p07,1283.2960233688354,MLP,0.025390760569338186,11027,0.00942451616168024,0.0,1098.901099205017,512,128,"{""key"": ""lr3e-3_wd0"", ""lr"": 0.003, ""weight_decay"": 0.0}",800,ok,0.0425570184735758,4000.0,,0.008158380144157757,ok,0.008158380144157757,ok,0.007744083489339693,0.00951441227827752,,magnitude_fano,ok,751,microwave_fano_parameter_recovery_pilot,9.627463100478053,ok,0.8458176227286458,128,0.05427424609661102
532,800,"{""degree"":8,""denominator"":""squared"",""denominator_init_std"":0.05,""epsilon"":0.05,""initialization_mode"":""numerator_scaled"",""numerator_init_std"":0.014433756729740645,""shared_projection"":false,""skip"":true,""units"":12}",undercoupled:r5:p04,456.00501251220703,CFNN,0.02482903041300998,11027,0.0007315779439547973,0.0,488.4004878997803,512,128,"{""key"": ""lr3e-3_wd0"", ""lr"": 0.003, ""weight_decay"": 0.0}",800,ok,0.030673799412251575,5500.0,,0.006737967939922124,ok,0.006737967939922124,ok,0.002431623676390324,0.0007309821195930439,,magnitude_fano,ok,719,microwave_fano_parameter_recovery_pilot,17.744171530008316,ok,1.6397662535309792,128,0.047365810722112656
532,800,"{""degree"":8,""denominator"":""squared"",""denominator_init_std"":0.05,""epsilon"":0.05,""initialization_mode"":""numerator_scaled"",""numerator_init_std"":0.014433756729740645,""shared_projection"":false,""skip"":true,""units"":12}",undercoupled:r5:p04,458.0502700805664,CFNN,0.024761954459444575,11027,0.012377726898123352,0.0,366.30036640167236,512,128,"{""key"": ""lr3e-3_wd0"", ""lr"": 0.003, ""weight_decay"": 0.0}",800,ok,0.030503407555420907,6000.0,,0.008814641435359928,ok,0.008814641435359928,ok,0.005510542898874197,0.012226452535508614,,magnitude_fano,ok,733,microwave_fano_parameter_recovery_pilot,17.682049060240388,ok,1.700393432751298,128,0.043656736612319946
532,780,"{""degree"":8,""denominator"":""squared"",""denominator_init_std"":0.05,""epsilon"":0.05,""initialization_mode"":""numerator_scaled"",""numerator_init_std"":0.014433756729740645,""shared_projection"":false,""skip"":true,""units"":12}",undercoupled:r5:p04,279.76580333709717,CFNN,0.02426732798320253,11027,0.014608346380409374,0.0,244.20024394989014,512,128,"{""key"": ""lr3e-3_wd0"", ""lr"": 0.003, ""weight_decay"": 0.0}",800,ok,0.030049148679436897,5000.0,,0.0060770215137193485,ok,0.0060770215137193485,ok,0.0006206836215827559,0.014824951869906651,,magnitude_fano,ok,751,microwave_fano_parameter_recovery_pilot,17.81543995719403,ok,1.762503506615758,128,0.04475221037864685
528,780,"{""degree"":8,""depth"":23}",undercoupled:r5:p04,1651.9286184310913,Local nested CF control,0.0277113301166291,11027,0.010044371800470195,0.0,1098.901099205017,512,128,"{""key"": ""lr3e-3_wd0"", ""lr"": 0.003, ""weight_decay"": 0.0}",800,ok,0.03669312187675444,4500.0,,0.011415177888261505,ok,0.011415177888261505,ok,43.40057556931583,0.009944704664124223,,magnitude_fano,ok,719,microwave_fano_parameter_recovery_pilot,21.18290330749005,ok,5.108374307863414,128,0.052969932556152344
528,780,"{""degree"":8,""depth"":23}",undercoupled:r5:p04,980.1201591491699,Local nested CF control,0.026331346857551795,11027,0.03317074703100248,0.0,610.5006103515625,512,128,"{""key"": ""lr3e-3_wd0"", ""lr"": 0.003, ""weight_decay"": 0.0}",800,ok,0.03360039226746751,6000.0,,0.008929166438547029,ok,0.008929166438547029,ok,0.012985114788252287,0.03210590152057666,,magnitude_fano,ok,733,microwave_fano_parameter_recovery_pilot,21.410197329707444,ok,4.572975727729499,128,0.049788832664489746
528,800,"{""degree"":8,""depth"":23}",undercoupled:r5:p04,562.6108570098877,Local nested CF control,0.026214237665733026,11027,0.023164284908555648,0.0,488.4004878997803,512,128,"{""key"": ""lr3e-3_wd0"", ""lr"": 0.003, ""weight_decay"": 0.0}",800,ok,0.03368048528622547,6500.0,,0.006890125353736117,ok,0.006890125353736117,ok,0.0010744765967291474,0.02263977537422672,,magnitude_fano,ok,751,microwave_fano_parameter_recovery_pilot,22.32819736842066,ok,5.112668879330158,128,0.04647461697459221
502,800,"{""activation"":""tanh"",""depth"":2,""width"":20}",undercoupled:r5:p04,841.4177417755127,MLP,0.024514720523355803,11027,0.01897180152355983,0.0,732.6007328033447,512,128,"{""key"": ""lr3e-3_wd0"", ""lr"": 0.003, ""weight_decay"": 0.0}",800,ok,0.03068743215923286,5000.0,,0.005948541272698339,ok,0.005948541272698339,ok,0.0003357568874470325,0.01933880617237963,,magnitude_fano,ok,719,microwave_fano_parameter_recovery_pilot,17.48216632474214,ok,1.0697226328775287,128,0.04699944704771042
502,800,"{""activation"":""tanh"",""depth"":2,""width"":20}",undercoupled:r5:p04,232.79415607452393,MLP,0.024059081594516866,11027,0.008388563059106272,0.0,122.10012245178223,512,128,"{""key"": ""lr3e-3_wd0"", ""lr"": 0.003, ""weight_decay"": 0.0}",800,ok,0.029795735705811104,5500.0,,0.0062149555549655365,ok,0.0062149555549655365,ok,0.004680397056123841,0.008459494896966617,,magnitude_fano,ok,733,microwave_fano_parameter_recovery_pilot,16.70078667346388,ok,0.9565992755815387,128,0.04292871057987213
502,800,"{""activation"":""tanh"",""depth"":2,""width"":20}",undercoupled:r5:p04,443.67795276641846,MLP,0.02486196673292465,11027,0.006503671048212617,0.0,366.30036640167236,512,128,"{""key"": ""lr3e-3_wd0"", ""lr"": 0.003, ""weight_decay"": 0.0}",800,ok,0.031212386923017792,4500.0,,0.004918744688093934,ok,0.004918744688093934,ok,0.0024189848815354383,0.006546305469074928,,magnitude_fano,ok,751,microwave_fano_parameter_recovery_pilot,13.27159899752587,ok,1.0759433284401894,128,0.04560849070549011
532,520,"{""degree"":8,""denominator"":""squared"",""denominator_init_std"":0.05,""epsilon"":0.05,""initialization_mode"":""numerator_scaled"",""numerator_init_std"":0.014433756729740645,""shared_projection"":false,""skip"":true,""units"":12}",undercoupled:r8:p03,722.9999122619629,CFNN,0.041414579142462646,11027,0.024830827133782308,0.0,122.10012245178223,512,128,"{""key"": ""lr3e-3_wd0"", ""lr"": 0.003, ""weight_decay"": 0.0}",720,ok,0.04492577269093477,53000.0,,0.010595828620039945,ok,0.010595828620039945,ok,0.011335457178352992,0.025463167248928324,,magnitude_fano,ok,719,microwave_fano_parameter_recovery_pilot,12.935664249584079,ok,2.0479476302862167,128,0.19014577567577362
532,300,"{""degree"":8,""denominator"":""squared"",""denominator_init_std"":0.05,""epsilon"":0.05,""initialization_mode"":""numerator_scaled"",""numerator_init_std"":0.014433756729740645,""shared_projection"":false,""skip"":true,""units"":12}",undercoupled:r8:p03,1837.5815391540527,CFNN,0.04074858267784272,11027,0.10150981496638664,0.0,732.6007328033447,512,128,"{""key"": ""lr3e-3_wd0"", ""lr"": 0.003, ""weight_decay"": 0.0}",500,ok,0.043793579854068274,50000.0,,0.009268896401471763,ok,0.009268896401471763,ok,0.03227245920554314,0.0921550032557143,,magnitude_fano,ok,733,microwave_fano_parameter_recovery_pilot,12.649851764552295,ok,1.2080508070066571,128,0.19829486310482025
532,580,"{""degree"":8,""denominator"":""squared"",""denominator_init_std"":0.05,""epsilon"":0.05,""initialization_mode"":""numerator_scaled"",""numerator_init_std"":0.014433756729740645,""shared_projection"":false,""skip"":true,""units"":12}",undercoupled:r8:p03,1166.3190937042236,CFNN,0.04104898863996075,11027,0.08059024444697568,0.0,610.5006103515625,512,128,"{""key"": ""lr3e-3_wd0"", ""lr"": 0.003, ""weight_decay"": 0.0}",780,ok,0.04388270155712342,55000.0,,0.012224025394968226,ok,0.012224025394968226,ok,0.02109757918933229,0.08765420779953988,,magnitude_fano,ok,751,microwave_fano_parameter_recovery_pilot,12.873459969647229,ok,2.1233293367549777,128,0.2043156921863556
528,560,"{""degree"":8,""depth"":23}",undercoupled:r8:p03,702.5789794921875,Local nested CF control,0.04156651821097949,11027,0.05090911887308495,0.0,0.0,512,128,"{""key"": ""lr3e-3_wd0"", ""lr"": 0.003, ""weight_decay"": 0.0}",760,ok,0.045042886950174214,57000.0,,0.011556882303425454,ok,0.011556882303425454,ok,0.011767975048970925,0.053639948037063005,,magnitude_fano,ok,719,microwave_fano_parameter_recovery_pilot,16.75735148601234,ok,4.9359255051240325,128,0.18851715326309204
528,520,"{""degree"":8,""depth"":23}",undercoupled:r8:p03,552.4142570495605,Local nested CF control,0.041151918509364914,11027,0.01457550666133144,0.0,0.0,512,128,"{""key"": ""lr3e-3_wd0"", ""lr"": 0.003, ""weight_decay"": 0.0}",720,ok,0.04474833116175377,54000.0,,0.010761916242362545,ok,0.010761916242362545,ok,0.012790960991530848,0.014366061611859505,,magnitude_fano,ok,733,microwave_fano_parameter_recovery_pilot,16.28391145542264,ok,4.649612565524876,128,0.18991371989250183
528,540,"{""degree"":8,""depth"":23}",undercoupled:r8:p03,1452.8862781524658,Local nested CF control,0.04191003369807674,11027,0.06776573224854167,0.0,1098.9010982513428,512,128,"{""key"": ""lr3e-3_wd0"", ""lr"": 0.003, ""weight_decay"": 0.0}",740,ok,0.04583711305439608,55000.0,,0.01291359386368726,ok,0.01291359386368726,ok,0.015172068275154424,0.07269159343033554,,magnitude_fano,ok,751,microwave_fano_parameter_recovery_pilot,17.78887106012553,ok,4.819170030765235,128,0.20786628127098083
502,740,"{""activation"":""tanh"",""depth"":2,""width"":20}",undercoupled:r8:p03,329.5993404388428,MLP,0.041148023022135084,11027,0.046035877567021384,0.0,122.10012245178223,512,128,"{""key"": ""lr3e-3_wd0"", ""lr"": 0.003, ""weight_decay"": 0.0}",800,ok,0.04448954949421793,53000.0,,0.010259268777362204,ok,0.010259268777362204,ok,0.005171993451106152,0.04825748449299835,,magnitude_fano,ok,719,microwave_fano_parameter_recovery_pilot,11.753943125717342,ok,1.1003516353666782,128,0.1876663863658905
502,620,"{""activation"":""tanh"",""depth"":2,""width"":20}",undercoupled:r8:p03,1331.0012950897217,MLP,0.04012238657574025,11027,0.03984535010341597,0.0,366.3003673553467,512,128,"{""key"": ""lr3e-3_wd0"", ""lr"": 0.003, ""weight_decay"": 0.0}",800,ok,0.042943949667983865,53000.0,,0.007908040369155543,ok,0.007908040369155543,ok,0.023413626001670768,0.03831841320510935,,magnitude_fano,ok,733,microwave_fano_parameter_recovery_pilot,12.098475866019726,ok,1.0496125314384699,128,0.19271349906921387
502,420,"{""activation"":""tanh"",""depth"":2,""width"":20}",undercoupled:r8:p03,1563.6863842010498,MLP,0.04111818891276284,11027,0.04842159683254531,0.0,1221.001220703125,512,128,"{""key"": ""lr3e-3_wd0"", ""lr"": 0.003, ""weight_decay"": 0.0}",620,ok,0.04435444593372626,53500.0,,0.0096075354276406,ok,0.0096075354276406,ok,0.01377363490520786,0.05088540080500476,,magnitude_fano,ok,751,microwave_fano_parameter_recovery_pilot,11.164381427690387,ok,1.0917953215539455,128,0.2052135169506073
